order_id,order_date,category,product,price,quantity,discount_pct,total_amount,region,payment_mode
1000,2025-02-14,Electronics,Headphones,3095.43,1,5,2940.66,North,Net Banking
1001,2025-08-03,Electronics,Headphones,827.93,1,0,827.93,Central,Credit Card
1002,2025-05-23,Sports,Water Bottle,2475.93,1,0,2475.93,West,Debit Card
1003,2025-01-23,Home,Table Lamp,348.39,1,10,313.55,Central,Debit Card
1004,2025-04-09,Sports,Yoga Mat,2926.07,1,10,2633.46,Central,Debit Card
1005,2025-05-23,Electronics,Smartwatch,3205.74,5,5,15227.26,North,Cash on Delivery
1006,2025-03-29,Home,Coffee Mug,792.29,1,5,752.68,North,Net Banking
1007,2025-06-16,Fashion,Sneakers,1316.97,1,15,1119.42,Central,Credit Card
1008,2025-06-11,Electronics,Smartwatch,3376.31,3,0,10128.93,North,Credit Card
1009,2025-05-15,Beauty,Sunscreen,813.51,2,10,1464.32,South,Credit Card
1010,2025-02-16,Beauty,Perfume,449.55,1,10,404.6,Central,Cash on Delivery
1011,2025-07-15,Electronics,Smartwatch,2696.06,3,5,7683.77,North,Cash on Delivery
1012,2025-05-17,Beauty,Perfume,338.56,2,10,609.41,North,Net Banking
1013,2025-09-14,Home,Table Lamp,669.6,1,10,602.64,,Debit Card
1014,2025-03-20,Sports,Yoga Mat,2643.93,1,0,2643.93,Central,Credit Card
1015,2025-09-08,Fashion,Wallet,2397.7,4,0,9590.8,Central,Debit Card
1016,2025-09-06,Home,Cushion Cover,583.12,1,15,495.65,North,UPI
1017,2025-08-05,Sports,Dumbbell Set,603.08,1,20,482.46,East,Net Banking
1018,2025-09-22,Sports,Dumbbell Set,2210.61,1,5,2100.08,East,Cash on Delivery
1019,2025-01-04,Fashion,Sneakers,440.86,1,0,440.86,Central,Credit Card
1020,2025-05-23,Electronics,Smartwatch,735.9,1,10,662.31,Central,Credit Card
1021,2025-08-31,Fashion,Wallet,591.09,4,15,2009.71,West,Credit Card
1022,2025-02-20,Fashion,T-Shirt,513.25,1,0,513.25,West,UPI
1023,2025-05-23,Home,Table Lamp,597.85,1,5,567.96,West,Credit Card
1024,2025-02-17,Electronics,Power Bank,3328.08,3,20,7987.39,Central,UPI
1025,2025-07-14,Fashion,Sneakers,1194.11,1,0,1194.11,North,Credit Card
1026,2025-03-21,Beauty,Hair Oil,844.89,3,0,2534.67,Central,Cash on Delivery
1027,2025-09-02,Fashion,T-Shirt,1574.2,2,5,2990.98,North,UPI
1028,2025-02-04,Sports,Dumbbell Set,406.42,2,10,731.56,North,Net Banking
1029,2025-02-11,Fashion,Sunglasses,563.75,4,5,2142.25,Central,UPI
1030,2025-05-16,Sports,Cap,1687.65,4,0,6750.6,East,Credit Card
1031,2025-02-21,Home,Wall Clock,705.88,3,0,2117.64,West,Net Banking
1032,2025-05-26,Fashion,Wallet,883.44,4,0,3533.76,South,Debit Card
1033,2025-06-03,Sports,Water Bottle,1932.11,5,20,7728.44,North,Net Banking
1034,2025-05-25,Electronics,Smartwatch,1425.63,4,10,5132.27,South,Debit Card
1035,2025-02-17,Home,Coffee Mug,1300.0,3,10,3510.0,East,UPI
1036,2025-08-15,Home,Table Lamp,205.67,3,5,586.16,East,Credit Card
1037,2025-01-19,Beauty,Perfume,157.25,1,15,133.66,South,Net Banking
1038,2025-04-18,Sports,Cap,657.26,1,10,591.53,North,Debit Card
1039,2025-05-02,Electronics,Bluetooth Speaker,3230.41,4,15,10983.39,Central,Credit Card
1040,2025-05-17,Fashion,Sunglasses,354.53,2,0,709.06,West,Credit Card
1041,2025-06-06,Electronics,Power Bank,3552.58,3,15,9059.08,West,Debit Card
1042,2025-06-29,Fashion,Sneakers,352.06,1,10,316.85,North,Debit Card
1043,2025-05-16,Beauty,Perfume,398.36,1,0,398.36,East,Credit Card
1044,2025-07-17,Sports,Resistance Band,1200.64,3,15,3061.63,Central,UPI
1045,2025-07-06,Fashion,Backpack,397.65,1,5,377.77,Central,Credit Card
1046,2025-06-08,Home,Storage Box,702.27,3,10,1896.13,East,Net Banking
1047,2025-06-04,Home,Wall Clock,1315.53,2,5,2499.51,West,Credit Card
1048,2025-08-15,Electronics,Bluetooth Speaker,1504.2,1,5,1428.99,East,Cash on Delivery
1049,2025-05-26,Fashion,Wallet,1341.01,4,5,5095.84,South,UPI
1050,2025-04-12,Sports,Water Bottle,506.81,5,0,2534.05,East,Credit Card
1051,2025-04-10,Electronics,Smartwatch,3943.78,2,10,7098.8,West,Cash on Delivery
1052,2025-04-23,Beauty,Sunscreen,449.74,1,0,449.74,North,Cash on Delivery
1053,2025-08-26,Sports,Resistance Band,388.1,1,10,349.29,West,Credit Card
1054,2025-08-17,Sports,Cap,1122.57,3,15,2862.55,Central,Cash on Delivery
1055,2025-05-03,Beauty,Sunscreen,344.39,1,0,344.39,Central,Cash on Delivery
1056,2025-03-19,Electronics,Bluetooth Speaker,1320.73,1,0,1320.73,North,Credit Card
1057,2025-04-16,Fashion,Sneakers,441.3,1,15,375.11,West,UPI
1058,2025-09-02,Beauty,Perfume,859.55,1,0,859.55,Central,Cash on Delivery
1059,2025-04-23,Home,Cushion Cover,1405.56,3,5,4005.85,West,Net Banking
1060,2025-08-28,Home,Wall Clock,977.03,1,15,830.48,West,Credit Card
1061,2025-08-08,Sports,Cap,324.16,1,0,324.16,North,UPI
1062,2025-07-14,Beauty,Lip Balm,187.71,1,0,187.71,East,Debit Card
1063,2025-04-25,Beauty,Hair Oil,776.18,1,10,698.56,North,Debit Card
1064,2025-03-06,Electronics,Headphones,3823.64,1,5,3632.46,South,Credit Card
1065,2025-02-28,Electronics,Webcam,3817.15,1,10,3435.43,East,Credit Card
1066,2025-04-12,Fashion,Backpack,537.82,1,0,537.82,West,Cash on Delivery
1067,2025-01-22,Fashion,T-Shirt,1833.82,1,0,1833.82,North,Net Banking
1068,2025-09-08,Beauty,Hair Oil,201.72,2,0,403.44,,Cash on Delivery
1069,2025-09-05,Home,Wall Clock,1331.69,1,5,1265.11,East,Net Banking
1070,2025-05-05,Sports,Water Bottle,1136.34,1,10,1022.71,East,Cash on Delivery
1071,2025-09-07,Sports,Cap,2087.52,1,0,2087.52,East,Credit Card
1072,2025-09-22,Home,Cushion Cover,647.45,2,20,1035.92,Central,UPI
1073,2025-08-18,Electronics,Smartwatch,3020.26,1,10,2718.23,West,Cash on Delivery
1074,2025-08-31,Electronics,Bluetooth Speaker,1275.59,2,5,2423.62,Central,Debit Card
1075,2025-06-06,Home,Wall Clock,1794.61,2,0,3589.22,West,Debit Card
1076,2025-04-21,Electronics,Smartwatch,1604.42,2,10,2887.96,South,Credit Card
1077,2025-06-01,Home,Storage Box,1762.57,2,0,3525.14,North,Credit Card
1078,2025-05-30,Fashion,Backpack,331.13,2,10,596.03,North,Net Banking
1079,2025-06-24,Fashion,Sunglasses,525.69,1,0,525.69,West,Cash on Delivery
1080,2025-02-07,Electronics,Bluetooth Speaker,3793.72,1,5,3604.03,West,Cash on Delivery
1081,2025-08-02,Electronics,Smartwatch,1022.19,2,10,1839.94,South,UPI
1082,2025-08-08,Sports,Dumbbell Set,2383.16,1,0,2383.16,East,Net Banking
1083,2025-05-16,Sports,Yoga Mat,1926.49,2,10,3467.68,South,Credit Card
1084,2025-08-29,Fashion,Sneakers,682.39,1,0,682.39,,Cash on Delivery
1085,2025-04-12,Fashion,Backpack,1855.3,2,5,3525.07,South,Debit Card
1086,2025-03-26,Sports,Dumbbell Set,2031.0,4,10,7311.6,North,UPI
1087,2025-05-20,Sports,Cap,2783.28,1,5,2644.12,East,Cash on Delivery
1088,2025-05-09,Beauty,Sunscreen,210.33,1,0,210.33,East,Net Banking
1089,2025-01-21,Fashion,Wallet,1591.67,1,10,1432.5,East,Net Banking
1090,2025-09-09,Fashion,Sunglasses,1441.72,1,20,1153.38,Central,Cash on Delivery
1091,2025-07-30,Beauty,Hair Oil,456.26,1,10,410.63,South,Debit Card
1092,2025-06-15,Home,Wall Clock,1501.71,2,0,3003.42,East,Debit Card
1093,2025-01-28,Beauty,Perfume,768.7,1,0,768.7,West,Cash on Delivery
1094,2025-03-09,Home,Storage Box,1410.31,2,20,2256.5,South,Debit Card
1095,2025-06-09,Beauty,Sunscreen,241.07,5,5,1145.08,South,Credit Card
1096,2025-03-20,Sports,Resistance Band,506.33,5,5,2405.07,West,UPI
1097,2025-08-22,Home,Storage Box,1328.66,1,5,1262.23,West,Credit Card
1098,2025-08-01,Beauty,Lip Balm,841.4,2,0,1682.8,North,Debit Card
1099,2025-09-08,Sports,Water Bottle,2506.51,1,15,2130.53,Central,Net Banking
1100,2025-06-14,Beauty,Perfume,513.26,1,15,436.27,West,Cash on Delivery
1101,2025-07-15,Fashion,Wallet,1142.54,3,0,3427.62,East,Cash on Delivery
1102,2025-08-14,Fashion,Sunglasses,2422.61,1,0,2422.61,East,UPI
1103,2025-08-29,Beauty,Face Wash,691.83,1,10,622.65,South,UPI
1104,2025-07-14,Home,Cushion Cover,1197.22,1,20,957.78,East,Net Banking
1105,2025-02-16,Beauty,Perfume,176.92,1,5,168.07,East,Credit Card
1106,2025-01-29,Electronics,Headphones,2052.87,2,0,4105.74,North,Debit Card
1107,2025-03-31,Home,Wall Clock,432.91,2,0,865.82,South,Credit Card
1108,2025-05-11,Beauty,Perfume,662.35,1,5,629.23,South,Cash on Delivery
1109,2025-06-03,Electronics,Power Bank,3654.23,2,10,6577.61,West,Debit Card
1110,2025-05-02,Beauty,Hair Oil,492.63,1,0,492.63,West,UPI
1111,2025-01-05,Home,Storage Box,673.4,2,5,1279.46,West,Debit Card
1112,2025-06-30,Electronics,Webcam,3108.1,3,0,9324.3,South,Net Banking
1113,2025-01-21,Fashion,Wallet,851.38,3,0,2554.14,South,UPI
1114,2025-08-01,Beauty,Face Wash,584.68,2,0,1169.36,East,Debit Card
1115,2025-05-12,Fashion,Wallet,2228.21,1,15,1893.98,East,Credit Card
1116,2025-04-26,Beauty,Hair Oil,709.92,1,15,603.43,North,Credit Card
1117,2025-03-05,Beauty,Perfume,424.33,3,5,1209.34,,Net Banking
1118,2025-01-13,Home,Storage Box,809.64,2,10,1457.35,South,Cash on Delivery
1119,2025-07-29,Sports,Water Bottle,2766.95,1,0,2766.95,West,Debit Card
1120,2025-07-18,Electronics,Headphones,1565.28,1,5,1487.02,Central,Credit Card
1121,2025-07-28,Sports,Resistance Band,1865.19,2,20,2984.3,North,Cash on Delivery
1122,2025-02-20,Home,Table Lamp,1304.45,1,20,1043.56,South,Debit Card
1123,2025-03-04,Home,Storage Box,1642.71,2,20,2628.34,East,Credit Card
1124,2025-06-20,Beauty,Face Wash,647.08,2,0,1294.16,North,UPI
1125,2025-04-30,Fashion,Wallet,751.45,3,0,2254.35,Central,Credit Card
1126,2025-05-09,Fashion,Wallet,306.24,3,10,826.85,South,Net Banking
1127,2025-01-09,Electronics,Headphones,961.31,1,0,961.31,Central,Debit Card
1128,2025-07-05,Electronics,Smartwatch,3096.01,2,5,5882.42,West,Cash on Delivery
1129,2025-08-23,Electronics,Power Bank,2263.44,4,10,8148.38,Central,Debit Card
1130,2025-08-16,Electronics,Headphones,3995.05,3,0,11985.15,North,Cash on Delivery
1131,2025-06-16,Electronics,Bluetooth Speaker,2629.04,1,0,2629.04,Central,Net Banking
1132,2025-04-21,Sports,Cap,1060.97,2,5,2015.84,North,Net Banking
1133,2025-08-07,Fashion,Sunglasses,1045.65,1,0,1045.65,North,Debit Card
1134,2025-02-17,Home,Cushion Cover,1725.75,2,5,3278.92,North,UPI
1135,2025-07-30,Home,Coffee Mug,1090.19,2,0,2180.38,East,UPI
1136,2025-04-19,Beauty,Face Wash,876.3,2,0,1752.6,Central,Net Banking
1137,2025-04-26,Beauty,Lip Balm,785.46,1,15,667.64,North,Debit Card
1138,2025-04-03,Sports,Cap,1937.33,2,0,3874.66,East,UPI
1139,2025-03-14,Home,Cushion Cover,761.64,1,10,685.48,West,UPI
1140,2025-07-09,Electronics,Headphones,3111.39,1,0,3111.39,East,Credit Card
1141,2025-02-11,Home,Storage Box,1153.96,4,0,4615.84,Central,UPI
1142,2025-06-26,Beauty,Sunscreen,605.31,1,5,575.04,Central,UPI
1143,2025-01-29,Home,Storage Box,978.61,2,0,1957.22,West,Net Banking
1144,2025-09-12,Home,Coffee Mug,1427.76,3,10,3854.95,North,UPI
1145,2025-07-23,Fashion,Sneakers,1136.46,2,15,1931.98,East,UPI
1146,2025-07-27,Electronics,Power Bank,565.6,4,10,2036.16,Central,Cash on Delivery
1147,2025-07-05,Beauty,Hair Oil,236.38,1,0,236.38,Central,Cash on Delivery
1148,2025-04-24,Electronics,Smartwatch,2024.87,1,0,2024.87,East,Debit Card
1149,2025-03-17,Fashion,T-Shirt,1423.06,1,0,1423.06,East,Debit Card
1150,2025-09-10,Fashion,Backpack,734.0,2,5,1394.6,North,Credit Card
1151,2025-06-11,Sports,Cap,1484.49,4,0,5937.96,Central,Debit Card
1152,2025-09-17,Electronics,Power Bank,2047.73,1,0,2047.73,North,Debit Card
1153,2025-09-17,Beauty,Sunscreen,178.21,1,0,178.21,North,Net Banking
1154,2025-06-14,Sports,Cap,2874.14,2,10,5173.45,Central,Credit Card
1155,2025-09-16,Sports,Dumbbell Set,2883.74,1,10,2595.37,East,UPI
1156,2025-07-06,Electronics,Smartwatch,2976.68,5,0,14883.4,Central,Credit Card
1157,2025-06-18,Home,Wall Clock,854.03,1,0,854.03,East,UPI
1158,2025-06-20,Beauty,Hair Oil,339.0,3,0,1017.0,Central,Credit Card
1159,2025-02-13,Fashion,Backpack,982.51,2,0,1965.02,South,Net Banking
1160,2025-08-05,Beauty,Hair Oil,759.89,2,5,1443.79,Central,UPI
1161,2025-04-26,Electronics,Bluetooth Speaker,1581.03,5,20,6324.12,West,Credit Card
1162,2025-01-20,Fashion,T-Shirt,950.74,3,10,2567.0,Central,Net Banking
1163,2025-08-13,Sports,Dumbbell Set,1892.43,1,0,1892.43,Central,Credit Card
1164,2025-05-03,Home,Coffee Mug,1751.34,2,0,3502.68,West,Credit Card
1165,2025-07-15,Beauty,Lip Balm,425.88,4,5,1618.34,West,Debit Card
1166,2025-09-04,Beauty,Lip Balm,762.67,3,15,1944.81,East,UPI
1167,2025-05-20,Sports,Yoga Mat,2206.35,2,5,4192.06,North,Credit Card
1168,2025-01-14,Sports,Dumbbell Set,2535.38,1,5,2408.61,West,Debit Card
1169,2025-06-13,Beauty,Perfume,430.47,1,20,344.38,South,UPI
1170,2025-08-18,Home,Coffee Mug,420.16,1,10,378.14,South,Cash on Delivery
1171,2025-08-05,Electronics,Headphones,1395.73,3,0,4187.19,Central,Net Banking
1172,2025-02-02,Home,Coffee Mug,681.84,1,0,681.84,Central,Cash on Delivery
1173,2025-08-08,Beauty,Perfume,552.04,2,0,1104.08,South,Debit Card
1174,2025-02-04,Home,Coffee Mug,1113.06,1,20,890.45,Central,Debit Card
1175,2025-07-18,Sports,Cap,2412.63,2,20,3860.21,West,UPI
1176,2025-06-20,Home,Table Lamp,771.35,1,0,771.35,North,Net Banking
1177,2025-04-04,Home,Storage Box,741.68,2,15,1260.86,West,Cash on Delivery
1178,2025-06-08,Electronics,Power Bank,629.44,1,5,597.97,North,Debit Card
1179,2025-06-19,Sports,Resistance Band,946.61,3,0,2839.83,East,UPI
1180,2025-04-06,Home,Wall Clock,1623.18,2,5,3084.04,West,Debit Card
1181,2025-08-09,Beauty,Hair Oil,843.23,2,10,1517.81,West,UPI
1182,2025-08-17,Fashion,Wallet,946.29,1,10,851.66,East,Debit Card
1183,2025-08-11,Beauty,Lip Balm,667.32,1,0,667.32,East,Net Banking
1184,2025-03-15,Electronics,Headphones,2849.14,1,15,2421.77,South,UPI
1185,2025-01-17,Beauty,Face Wash,244.67,1,10,220.2,East,Cash on Delivery
1186,2025-07-23,Beauty,Hair Oil,429.01,3,0,1287.03,Central,Debit Card
1187,2025-03-02,Home,Coffee Mug,1736.83,1,0,1736.83,Central,Cash on Delivery
1188,2025-03-04,Home,Wall Clock,543.31,2,0,1086.62,West,Credit Card
1189,2025-02-03,Electronics,Power Bank,1104.3,2,5,2098.17,East,Debit Card
1190,2025-09-18,Home,Cushion Cover,1562.18,2,0,3124.36,South,Debit Card
1191,2025-08-28,Fashion,Sneakers,820.82,1,15,697.7,Central,Debit Card
1192,2025-07-30,Sports,Dumbbell Set,1932.86,1,10,1739.57,West,Net Banking
1193,2025-06-26,Sports,Yoga Mat,594.65,1,0,594.65,West,Net Banking
1194,2025-09-23,Sports,Cap,750.4,5,0,3752.0,North,UPI
1195,2025-02-10,Fashion,Sneakers,1009.85,2,0,2019.7,Central,Debit Card
1196,2025-03-20,Sports,Water Bottle,594.22,1,0,594.22,Central,Credit Card
1197,2025-01-24,Sports,Cap,1178.45,4,20,3771.04,North,UPI
1198,2025-05-29,Sports,Water Bottle,2040.61,3,10,5509.65,North,Cash on Delivery
1199,2025-01-31,Home,Wall Clock,591.8,3,0,1775.4,West,UPI
1200,2025-07-24,Beauty,Sunscreen,498.33,1,0,498.33,East,Debit Card
1201,2025-05-07,Home,Storage Box,1098.64,1,0,1098.64,East,Cash on Delivery
1202,2025-06-10,Electronics,Bluetooth Speaker,3808.85,3,0,11426.55,South,Debit Card
1203,2025-02-16,Fashion,Sunglasses,2491.13,1,20,1992.9,West,UPI
1204,2025-09-11,Sports,Resistance Band,2908.39,1,5,2762.97,North,Debit Card
1205,2025-07-26,Beauty,Hair Oil,552.52,3,0,1657.56,East,Debit Card
1206,2025-09-16,Beauty,Face Wash,577.71,1,5,548.82,North,Cash on Delivery
1207,2025-07-21,Sports,Water Bottle,2519.61,2,0,5039.22,South,UPI
1208,2025-09-14,Home,Storage Box,1702.32,3,0,5106.96,Central,Cash on Delivery
1209,2025-09-21,Electronics,Smartwatch,2997.57,3,0,8992.71,South,Net Banking
1210,2025-06-22,Sports,Water Bottle,696.88,5,5,3310.18,East,Net Banking
1211,2025-06-19,Sports,Cap,1597.08,2,10,2874.74,North,Debit Card
1212,2025-08-31,Beauty,Perfume,380.76,4,0,1523.04,North,Net Banking
1213,2025-07-14,Sports,Cap,875.74,1,0,875.74,Central,Net Banking
1214,2025-08-03,Fashion,T-Shirt,1559.65,2,0,3119.3,West,Debit Card
1215,2025-09-23,Fashion,Sunglasses,1404.0,2,0,2808.0,North,Credit Card
1216,2025-07-01,Home,Wall Clock,1040.76,1,10,936.68,Central,Debit Card
1217,2025-06-02,Home,Storage Box,974.69,5,10,4386.11,East,Credit Card
1218,2025-03-04,Fashion,Sunglasses,997.49,1,5,947.62,East,Debit Card
1219,2025-01-22,Sports,Resistance Band,2713.34,1,0,2713.34,South,Debit Card
1220,2025-05-19,Electronics,Bluetooth Speaker,3734.03,2,20,5974.45,South,Credit Card
1221,2025-04-26,Home,Coffee Mug,374.76,2,10,674.57,North,Net Banking
1222,2025-03-22,Electronics,Headphones,1946.55,2,5,3698.44,South,UPI
1223,2025-02-15,Beauty,Sunscreen,637.9,3,10,1722.33,East,UPI
1224,2025-04-01,Fashion,Wallet,1925.11,3,20,4620.26,South,Cash on Delivery
1225,2025-01-05,Electronics,Power Bank,3257.86,1,0,3257.86,East,UPI
1226,2025-09-10,Sports,Yoga Mat,2803.25,1,15,2382.76,Central,Net Banking
1227,2025-05-12,Fashion,Wallet,1329.65,1,10,1196.69,South,Cash on Delivery
1228,2025-07-27,Electronics,Bluetooth Speaker,3267.69,2,15,5555.07,South,Net Banking
1229,2025-06-15,Sports,Water Bottle,488.53,2,20,781.65,South,Cash on Delivery
1230,2025-01-06,Electronics,Bluetooth Speaker,1842.51,1,0,1842.51,East,Debit Card
1231,2025-06-09,Home,Coffee Mug,299.4,1,10,269.46,West,Net Banking
1232,2025-07-11,Home,Cushion Cover,1183.4,1,5,1124.23,South,Cash on Delivery
1233,2025-02-11,Sports,Resistance Band,2332.71,3,5,6648.22,South,Net Banking
1234,2025-04-14,Sports,Water Bottle,464.78,2,5,883.08,Central,Net Banking
1235,2025-09-08,Fashion,Sneakers,1021.86,2,0,2043.72,South,Net Banking
1236,2025-01-30,Sports,Resistance Band,2473.9,1,5,2350.2,West,Net Banking
1237,2025-01-24,Home,Table Lamp,833.52,3,5,2375.53,Central,UPI
1238,2025-05-27,Electronics,Webcam,3979.43,4,5,15121.83,West,UPI
1239,2025-02-11,Fashion,Sunglasses,1123.81,4,10,4045.72,West,Cash on Delivery
1240,2025-09-28,Sports,Dumbbell Set,2047.22,1,0,2047.22,Central,Cash on Delivery
1241,2025-07-14,Fashion,T-Shirt,1963.59,5,15,8345.26,Central,Cash on Delivery
1242,2025-08-03,Fashion,Sunglasses,1061.55,1,10,955.39,North,UPI
1243,2025-05-06,Electronics,Smartwatch,1221.29,1,10,1099.16,Central,UPI
1244,2025-09-15,Beauty,Sunscreen,325.75,1,20,260.6,North,Credit Card
1245,2025-06-04,Fashion,Wallet,1001.59,2,15,1702.7,East,Credit Card
1246,2025-08-07,Sports,Dumbbell Set,1387.29,1,5,1317.93,Central,Credit Card
1247,2025-07-29,Electronics,Bluetooth Speaker,3795.55,2,0,7591.1,East,Cash on Delivery
1248,2025-08-26,Beauty,Lip Balm,715.81,1,15,608.44,East,Credit Card
1249,2025-04-15,Sports,Resistance Band,2911.41,2,0,5822.82,South,Debit Card
1250,2025-05-18,Electronics,Power Bank,3464.97,1,0,3464.97,South,UPI
1251,2025-04-22,Sports,Cap,358.76,1,5,340.82,Central,Net Banking
1252,2025-05-05,Home,Cushion Cover,1731.23,1,10,1558.11,North,Cash on Delivery
1253,2025-07-03,Fashion,Sunglasses,2313.28,2,0,4626.56,West,Cash on Delivery
1254,2025-04-15,Home,Storage Box,1612.5,1,0,1612.5,West,Debit Card
1255,2025-08-02,Beauty,Face Wash,571.89,1,0,571.89,East,Net Banking
1256,2025-05-12,Fashion,Backpack,806.04,2,10,1450.87,Central,Debit Card
1257,2025-09-08,Beauty,Sunscreen,495.62,2,0,991.24,South,Net Banking
1258,2025-07-31,Sports,Yoga Mat,1690.85,3,0,5072.55,North,UPI
1259,2025-09-05,Fashion,T-Shirt,1855.77,1,10,1670.19,East,UPI
1260,2025-05-27,Electronics,Headphones,2362.74,1,0,2362.74,,Debit Card
1261,2025-09-27,Beauty,Lip Balm,230.26,1,0,230.26,South,Net Banking
1262,2025-05-05,Home,Cushion Cover,1471.9,1,20,1177.52,West,Net Banking
1263,2025-07-27,Fashion,Backpack,1804.89,3,0,5414.67,North,UPI
1264,2025-06-19,Sports,Resistance Band,404.32,1,5,384.1,West,Cash on Delivery
1265,2025-05-19,Electronics,Webcam,3717.03,1,0,3717.03,Central,Cash on Delivery
1266,2025-04-17,Electronics,Bluetooth Speaker,3647.59,2,5,6930.42,East,UPI
1267,2025-06-19,Beauty,Face Wash,374.46,2,0,748.92,West,Net Banking
1268,2025-02-08,Fashion,T-Shirt,1401.74,5,0,7008.7,West,Credit Card
1269,2025-09-09,Sports,Cap,1340.93,3,0,4022.79,East,Cash on Delivery
1270,2025-06-01,Sports,Resistance Band,1437.58,2,10,2587.64,North,Net Banking
1271,2025-06-12,Electronics,Headphones,1437.9,1,0,1437.9,South,Cash on Delivery
1272,2025-02-14,Electronics,Headphones,3800.36,1,0,3800.36,North,Credit Card
1273,2025-02-17,Beauty,Perfume,566.06,1,5,537.76,East,Net Banking
1274,2025-09-24,Home,Wall Clock,219.74,1,0,219.74,Central,Credit Card
1275,2025-08-11,Beauty,Lip Balm,254.13,1,0,254.13,North,Credit Card
1276,2025-04-11,Home,Wall Clock,1452.27,1,5,1379.66,West,Net Banking
1277,2025-08-14,Fashion,Backpack,314.89,1,0,314.89,West,Debit Card
1278,2025-04-01,Sports,Dumbbell Set,1076.2,2,20,1721.92,West,Debit Card
1279,2025-07-12,Home,Cushion Cover,1375.8,2,0,2751.6,South,Debit Card
1280,2025-01-14,Beauty,Hair Oil,235.42,2,20,376.67,Central,Credit Card
1281,2025-03-13,Beauty,Lip Balm,478.84,1,10,430.96,West,Cash on Delivery
1282,2025-09-03,Fashion,Backpack,1749.06,2,5,3323.21,North,Cash on Delivery
1283,2025-02-13,Sports,Cap,2789.61,3,0,8368.83,North,Debit Card
1284,2025-08-09,Fashion,Backpack,665.94,2,0,1331.88,West,Debit Card
1285,2025-08-17,Electronics,Bluetooth Speaker,1277.0,2,0,2554.0,Central,Credit Card
1286,2025-06-01,Beauty,Perfume,667.83,1,5,634.44,West,UPI
1287,2025-04-16,Electronics,Headphones,3409.61,2,5,6478.26,East,Cash on Delivery
1288,2025-01-23,Home,Wall Clock,356.2,2,15,605.54,North,Debit Card
1289,2025-09-22,Electronics,Headphones,3472.13,2,0,6944.26,South,Credit Card
1290,2025-04-06,Fashion,Backpack,1531.67,5,10,6892.52,West,Credit Card
1291,2025-07-19,Beauty,Sunscreen,171.89,2,0,343.78,Central,Cash on Delivery
1292,2025-04-06,Fashion,Sneakers,912.36,2,0,1824.72,Central,UPI
1293,2025-07-18,Fashion,Sunglasses,550.7,2,10,991.26,East,Net Banking
1294,2025-02-13,Sports,Yoga Mat,1206.79,3,10,3258.33,East,Net Banking
1295,2025-07-18,Home,Table Lamp,581.72,1,5,552.63,South,Net Banking
1296,2025-03-27,Fashion,Wallet,1144.16,1,5,1086.95,South,Net Banking
1297,2025-09-06,Fashion,Sneakers,992.08,1,0,992.08,East,UPI
1298,2025-09-08,Beauty,Perfume,529.08,1,0,529.08,West,Cash on Delivery
1299,2025-05-28,Sports,Yoga Mat,2438.67,1,0,2438.67,South,Net Banking
1300,2025-02-28,Beauty,Perfume,706.89,3,0,2120.67,North,Net Banking
1301,2025-04-22,Sports,Water Bottle,1740.62,3,20,4177.49,West,Net Banking
1302,2025-08-13,Electronics,Smartwatch,1541.98,5,15,6553.41,East,UPI
1303,2025-03-26,Electronics,Smartwatch,1234.57,2,10,2222.23,Central,Cash on Delivery
1304,2025-03-28,Fashion,Sneakers,2071.97,2,0,4143.94,Central,Net Banking
1305,2025-07-30,Home,Cushion Cover,1116.38,5,15,4744.62,North,Credit Card
1306,2025-07-21,Home,Coffee Mug,1322.28,1,5,1256.17,East,Credit Card
1307,2025-09-21,Sports,Water Bottle,1976.49,1,10,1778.84,North,Cash on Delivery
1308,2025-08-23,Home,Wall Clock,1720.41,1,10,1548.37,,UPI
1309,2025-05-18,Home,Table Lamp,1473.08,1,0,1473.08,South,Cash on Delivery
1310,2025-01-24,Home,Cushion Cover,1075.7,1,0,1075.7,East,UPI
1311,2025-04-14,Beauty,Face Wash,243.18,3,20,583.63,North,Cash on Delivery
1312,2025-02-12,Fashion,Backpack,649.75,4,0,2599.0,East,Debit Card
1313,2025-02-16,Fashion,T-Shirt,1171.95,1,10,1054.76,South,Cash on Delivery
1314,2025-01-05,Electronics,Smartwatch,2168.82,1,10,1951.94,West,UPI
1315,2025-02-22,Electronics,Power Bank,2929.11,1,0,2929.11,North,UPI
1316,2025-01-05,Home,Coffee Mug,812.35,3,10,2193.35,South,UPI
1317,2025-08-15,Fashion,Sunglasses,1072.61,1,15,911.72,West,Net Banking
1318,2025-06-11,Electronics,Headphones,990.05,1,10,891.04,East,Cash on Delivery
1319,2025-01-14,Fashion,Backpack,1718.17,1,15,1460.44,Central,Debit Card
1320,2025-05-03,Home,Coffee Mug,1028.4,2,5,1953.96,East,UPI
1321,2025-06-12,Electronics,Smartwatch,2248.54,2,0,4497.08,North,Debit Card
1322,2025-02-04,Sports,Resistance Band,1254.88,2,0,2509.76,North,UPI
1323,2025-08-01,Fashion,T-Shirt,2329.67,4,5,8852.75,East,Net Banking
1324,2025-02-10,Beauty,Face Wash,630.4,2,5,1197.76,North,Debit Card
1325,2025-08-12,Fashion,Sneakers,1480.06,1,10,1332.05,North,Debit Card
1326,2025-01-29,Fashion,T-Shirt,837.86,4,0,3351.44,Central,Net Banking
1327,2025-06-27,Fashion,T-Shirt,327.86,1,5,311.47,,Cash on Delivery
1328,2025-06-21,Home,Coffee Mug,794.99,2,15,1351.48,North,UPI
1329,2025-08-22,Home,Storage Box,302.2,2,5,574.18,North,Cash on Delivery
1330,2025-03-01,Electronics,Power Bank,3507.76,1,0,3507.76,North,Net Banking
1331,2025-07-16,Sports,Yoga Mat,371.1,3,20,890.64,West,Debit Card
1332,2025-06-14,Fashion,T-Shirt,1516.3,4,0,6065.2,West,Credit Card
1333,2025-04-25,Home,Cushion Cover,1521.6,2,15,2586.72,North,Credit Card
1334,2025-02-14,Electronics,Power Bank,741.24,1,5,704.18,East,Debit Card
1335,2025-08-26,Electronics,Bluetooth Speaker,1202.35,2,0,2404.7,Central,Credit Card
1336,2025-07-29,Beauty,Lip Balm,699.35,2,0,1398.7,South,UPI
1337,2025-01-01,Sports,Water Bottle,1998.84,2,10,3597.91,,Debit Card
1338,2025-03-14,Beauty,Hair Oil,227.96,2,10,410.33,West,UPI
1339,2025-02-13,Electronics,Headphones,3724.46,4,5,14152.95,East,Cash on Delivery
1340,2025-03-08,Sports,Dumbbell Set,2002.34,1,0,2002.34,North,Cash on Delivery
1341,2025-08-20,Home,Cushion Cover,1681.67,1,0,1681.67,East,Debit Card
1342,2025-08-19,Electronics,Smartwatch,976.39,3,5,2782.71,North,Credit Card
1343,2025-05-16,Beauty,Face Wash,551.94,5,15,2345.75,East,Cash on Delivery
1344,2025-04-21,Electronics,Smartwatch,3326.59,1,15,2827.6,Central,UPI
1345,2025-06-03,Home,Coffee Mug,345.94,1,0,345.94,Central,UPI
1346,2025-02-18,Fashion,T-Shirt,2394.61,3,5,6824.64,Central,Credit Card
1347,2025-07-25,Fashion,T-Shirt,326.31,3,0,978.93,South,Credit Card
1348,2025-08-16,Electronics,Webcam,2551.42,4,15,8674.83,North,Credit Card
1349,2025-07-22,Electronics,Bluetooth Speaker,928.85,4,5,3529.63,Central,Cash on Delivery
1350,2025-03-18,Beauty,Sunscreen,279.61,1,0,279.61,East,Cash on Delivery
1351,2025-02-01,Sports,Cap,925.91,1,0,925.91,Central,Cash on Delivery
1352,2025-01-10,Beauty,Lip Balm,464.43,2,20,743.09,South,Net Banking
1353,2025-07-18,Home,Wall Clock,1071.23,1,0,1071.23,Central,Debit Card
1354,2025-08-30,Electronics,Bluetooth Speaker,2589.91,1,5,2460.41,East,UPI
1355,2025-01-29,Sports,Dumbbell Set,2928.44,1,10,2635.6,East,Net Banking
1356,2025-05-02,Fashion,Wallet,2162.31,3,5,6162.58,South,Credit Card
1357,2025-04-07,Home,Storage Box,245.13,2,15,416.72,Central,Credit Card
1358,2025-04-23,Beauty,Perfume,381.79,1,0,381.79,South,Net Banking
1359,2025-06-15,Beauty,Face Wash,398.8,2,0,797.6,East,Credit Card
1360,2025-02-07,Fashion,Wallet,1850.33,1,0,1850.33,Central,Debit Card
1361,2025-09-07,Beauty,Perfume,225.77,1,10,203.19,South,Cash on Delivery
1362,2025-03-31,Fashion,Wallet,1825.83,4,0,7303.32,South,Net Banking
1363,2025-01-17,Home,Coffee Mug,484.33,1,0,484.33,Central,Cash on Delivery
1364,2025-02-09,Home,Storage Box,553.43,2,0,1106.86,South,Debit Card
1365,2025-01-06,Home,Coffee Mug,1217.9,5,0,6089.5,East,Cash on Delivery
1366,2025-08-13,Fashion,T-Shirt,1071.06,3,10,2891.86,North,Cash on Delivery
1367,2025-04-26,Fashion,Sunglasses,1384.78,1,0,1384.78,North,Cash on Delivery
1368,2025-03-29,Electronics,Headphones,1532.18,1,15,1302.35,North,Debit Card
1369,2025-09-05,Fashion,T-Shirt,1503.5,4,10,5412.6,Central,Net Banking
1370,2025-04-08,Beauty,Lip Balm,605.49,1,5,575.22,East,Credit Card
1371,2025-09-09,Sports,Cap,979.48,1,0,979.48,North,Cash on Delivery
1372,2025-04-13,Home,Table Lamp,884.17,1,0,884.17,Central,Cash on Delivery
1373,2025-07-23,Fashion,Sneakers,1704.02,5,5,8094.1,North,Debit Card
1374,2025-04-06,Home,Table Lamp,1226.99,1,5,1165.64,West,Debit Card
1375,2025-02-19,Home,Wall Clock,944.09,1,0,944.09,North,Credit Card
1376,2025-09-25,Home,Storage Box,862.38,3,5,2457.78,North,Cash on Delivery
1377,2025-09-15,Sports,Resistance Band,1824.96,1,5,1733.71,West,UPI
1378,2025-03-27,Sports,Cap,2113.22,2,20,3381.15,West,Credit Card
1379,2025-05-13,Fashion,Sneakers,393.89,1,0,393.89,South,Credit Card
1380,2025-08-23,Electronics,Headphones,1858.35,1,15,1579.6,East,Net Banking
1381,2025-02-21,Electronics,Webcam,2556.52,3,20,6135.65,South,Credit Card
1382,2025-07-16,Sports,Yoga Mat,2410.8,3,10,6509.16,West,Debit Card
1383,2025-07-25,Sports,Cap,1550.88,1,0,1550.88,Central,Net Banking
1384,2025-06-22,Home,Coffee Mug,278.87,1,15,237.04,East,UPI
1385,2025-03-10,Home,Cushion Cover,648.55,1,0,648.55,North,Credit Card
1386,2025-04-19,Beauty,Hair Oil,352.06,1,15,299.25,South,Cash on Delivery
1387,2025-02-03,Beauty,Sunscreen,719.62,3,0,2158.86,Central,Credit Card
1388,2025-04-09,Sports,Resistance Band,623.04,3,15,1588.75,North,Credit Card
1389,2025-07-08,Fashion,T-Shirt,848.88,1,15,721.55,South,Debit Card
1390,2025-08-17,Sports,Resistance Band,1997.38,1,0,1997.38,East,Cash on Delivery
1391,2025-05-26,Beauty,Perfume,563.5,1,0,563.5,East,UPI
1392,2025-04-16,Electronics,Smartwatch,3488.37,3,0,10465.11,South,Credit Card
1393,2025-03-09,Beauty,Perfume,165.04,3,10,445.61,North,Cash on Delivery
1394,2025-07-12,Sports,Yoga Mat,865.37,2,15,1471.13,East,Cash on Delivery
1395,2025-02-22,Beauty,Hair Oil,313.66,1,0,313.66,Central,Cash on Delivery
1396,2025-02-02,Home,Storage Box,1235.75,2,0,2471.5,North,Cash on Delivery
1397,2025-03-18,Home,Cushion Cover,1578.39,1,5,1499.47,East,Credit Card
1398,2025-01-14,Fashion,T-Shirt,2071.95,3,10,5594.26,East,Credit Card
1399,2025-04-08,Home,Cushion Cover,1651.06,1,0,1651.06,Central,Net Banking
1400,2025-06-03,Fashion,Wallet,1704.29,1,15,1448.65,East,Net Banking
1401,2025-06-21,Sports,Dumbbell Set,1057.91,1,10,952.12,Central,Credit Card
1402,2025-05-14,Fashion,Backpack,791.32,4,5,3007.02,East,Debit Card
1403,2025-08-30,Beauty,Face Wash,502.9,3,15,1282.39,Central,UPI
1404,2025-03-12,Sports,Yoga Mat,2635.62,1,20,2108.5,North,Credit Card
1405,2025-04-03,Home,Wall Clock,1779.51,4,10,6406.24,South,Debit Card
1406,2025-05-21,Beauty,Hair Oil,623.27,1,0,623.27,North,Cash on Delivery
1407,2025-08-11,Fashion,Wallet,1981.86,1,10,1783.67,North,Credit Card
1408,2025-01-08,Beauty,Sunscreen,874.0,1,15,742.9,South,Debit Card
1409,2025-06-09,Sports,Dumbbell Set,299.27,1,0,299.27,South,Debit Card
1410,2025-08-22,Beauty,Perfume,591.5,1,10,532.35,East,Debit Card
1411,2025-07-03,Sports,Cap,1179.05,4,10,4244.58,East,Cash on Delivery
1412,2025-09-16,Fashion,Sunglasses,342.07,1,0,342.07,South,UPI
1413,2025-01-25,Home,Table Lamp,800.31,2,10,1440.56,Central,UPI
1414,2025-08-31,Electronics,Headphones,2914.12,1,10,2622.71,Central,Debit Card
1415,2025-03-12,Fashion,T-Shirt,962.46,2,5,1828.67,East,Net Banking
1416,2025-04-12,Electronics,Webcam,3015.68,1,10,2714.11,North,Cash on Delivery
1417,2025-09-12,Home,Storage Box,1756.99,1,15,1493.44,South,UPI
1418,2025-09-10,Beauty,Hair Oil,325.88,1,0,325.88,North,Net Banking
1419,2025-06-01,Electronics,Webcam,762.67,2,0,1525.34,South,Cash on Delivery
1420,2025-08-07,Electronics,Headphones,3346.12,4,10,12046.03,East,Debit Card
1421,2025-08-13,Electronics,Headphones,533.85,1,20,427.08,East,Debit Card
1422,2025-05-20,Home,Table Lamp,796.2,1,15,676.77,West,Cash on Delivery
1423,2025-02-23,Beauty,Sunscreen,636.63,3,5,1814.4,North,Credit Card
1424,2025-01-15,Sports,Resistance Band,2456.23,2,15,4175.59,West,Debit Card
1425,2025-05-14,Fashion,Sunglasses,2324.88,1,10,2092.39,North,UPI
1426,2025-09-25,Electronics,Webcam,3186.35,2,10,5735.43,East,Net Banking
1427,2025-01-28,Sports,Yoga Mat,1440.33,2,0,2880.66,West,Credit Card
1428,2025-06-14,Fashion,Wallet,2167.46,3,0,6502.38,North,Cash on Delivery
1429,2025-08-24,Home,Table Lamp,1011.09,2,5,1921.07,South,UPI
1430,2025-02-22,Sports,Resistance Band,492.05,1,5,467.45,West,UPI
1431,2025-09-18,Electronics,Webcam,2421.85,3,5,6902.27,Central,Debit Card
1432,2025-08-31,Beauty,Hair Oil,422.51,1,10,380.26,West,Debit Card
1433,2025-05-30,Home,Wall Clock,382.44,3,5,1089.95,East,Debit Card
1434,2025-05-11,Home,Table Lamp,273.24,1,10,245.92,West,UPI
1435,2025-02-25,Fashion,T-Shirt,2346.48,1,10,2111.83,South,Debit Card
1436,2025-03-10,Electronics,Webcam,931.27,4,20,2980.06,Central,Net Banking
1437,2025-09-18,Electronics,Webcam,3076.75,2,10,5538.15,Central,Cash on Delivery
1438,2025-06-14,Fashion,Wallet,682.03,3,5,1943.79,Central,Net Banking
1439,2025-06-25,Beauty,Sunscreen,884.63,4,20,2830.82,East,Cash on Delivery
1440,2025-06-10,Beauty,Lip Balm,253.64,2,10,456.55,Central,Debit Card
1441,2025-04-02,Sports,Dumbbell Set,802.44,2,5,1524.64,East,Credit Card
1442,2025-05-27,Home,Table Lamp,1417.24,2,15,2409.31,West,Net Banking
1443,2025-05-17,Beauty,Face Wash,542.05,1,10,487.84,North,Credit Card
1444,2025-01-17,Fashion,Backpack,1803.46,1,0,1803.46,East,Credit Card
1445,2025-07-19,Beauty,Face Wash,612.08,2,0,1224.16,South,Net Banking
1446,2025-01-28,Home,Table Lamp,1682.38,1,0,1682.38,East,Net Banking
1447,2025-04-11,Home,Coffee Mug,1192.9,3,10,3220.83,South,Debit Card
1448,2025-03-03,Fashion,Backpack,1287.39,5,0,6436.95,South,Net Banking
1449,2025-06-19,Beauty,Hair Oil,567.45,1,5,539.08,East,UPI
1450,2025-09-09,Fashion,T-Shirt,638.15,1,10,574.34,Central,Debit Card
1451,2025-02-04,Sports,Water Bottle,450.42,2,10,810.76,South,Net Banking
1452,2025-06-19,Fashion,Sunglasses,1494.78,1,0,1494.78,South,Debit Card
1453,2025-06-27,Fashion,Wallet,1467.1,5,5,6968.72,North,UPI
1454,2025-07-17,Sports,Cap,920.52,1,0,920.52,West,UPI
1455,2025-09-07,Home,Table Lamp,1658.14,3,0,4974.42,Central,Cash on Delivery
1456,2025-01-04,Fashion,Backpack,1430.57,4,10,5150.05,Central,Net Banking
1457,2025-02-06,Fashion,Sneakers,2202.89,1,10,1982.6,Central,Cash on Delivery
1458,2025-05-09,Fashion,T-Shirt,1310.3,1,5,1244.78,North,Credit Card
1459,2025-06-11,Sports,Dumbbell Set,2755.21,1,0,2755.21,West,Cash on Delivery
1460,2025-02-07,Electronics,Webcam,520.65,2,0,1041.3,Central,UPI
1461,2025-07-15,Sports,Yoga Mat,1047.05,2,0,2094.1,East,Cash on Delivery
1462,2025-03-15,Electronics,Power Bank,1047.13,1,0,1047.13,Central,Debit Card
1463,2025-07-21,Home,Table Lamp,1085.64,2,5,2062.72,North,Net Banking
1464,2025-09-20,Electronics,Bluetooth Speaker,1235.19,2,0,2470.38,South,Cash on Delivery
1465,2025-08-25,Fashion,Sneakers,1657.15,1,10,1491.44,Central,UPI
1466,2025-06-19,Electronics,Bluetooth Speaker,2850.9,1,0,2850.9,Central,Cash on Delivery
1467,2025-06-18,Fashion,T-Shirt,927.3,1,10,834.57,West,Cash on Delivery
1468,2025-01-03,Home,Storage Box,443.83,2,0,887.66,West,Credit Card
1469,2025-08-25,Fashion,Sunglasses,908.7,1,5,863.26,East,Cash on Delivery
1470,2025-04-11,Home,Wall Clock,1082.67,1,0,1082.67,East,Credit Card
1471,2025-07-27,Electronics,Headphones,3622.37,3,10,9780.4,Central,Net Banking
1472,2025-07-07,Fashion,T-Shirt,1513.51,2,0,3027.02,West,Credit Card
1473,2025-01-06,Sports,Water Bottle,618.17,2,10,1112.71,East,Net Banking
1474,2025-03-16,Sports,Dumbbell Set,2332.32,1,10,2099.09,Central,Net Banking
1475,2025-04-30,Beauty,Hair Oil,180.31,3,0,540.93,East,Debit Card
1476,2025-01-21,Fashion,Wallet,2297.0,1,20,1837.6,West,UPI
1477,2025-03-31,Home,Table Lamp,1325.98,2,0,2651.96,East,Net Banking
1478,2025-04-25,Beauty,Hair Oil,590.76,4,5,2244.89,East,Cash on Delivery
1479,2025-08-14,Home,Cushion Cover,978.98,1,0,978.98,Central,Credit Card
1480,2025-03-02,Electronics,Webcam,2752.17,1,10,2476.95,East,Net Banking
1481,2025-03-24,Beauty,Hair Oil,690.19,1,10,621.17,South,Net Banking
1482,2025-01-21,Beauty,Face Wash,332.75,1,15,282.84,South,Net Banking
1483,2025-01-10,Fashion,T-Shirt,665.95,4,15,2264.23,West,Net Banking
1484,2025-04-23,Home,Table Lamp,546.55,2,15,929.13,West,Credit Card
1485,2025-03-27,Sports,Dumbbell Set,2435.19,3,10,6575.01,Central,Debit Card
1486,2025-01-09,Home,Wall Clock,1154.45,1,0,1154.45,South,UPI
1487,2025-01-20,Sports,Resistance Band,2522.91,2,15,4288.95,Central,Net Banking
1488,2025-01-01,Sports,Cap,2319.05,1,15,1971.19,Central,Net Banking
1489,2025-09-04,Beauty,Perfume,465.51,4,10,1675.84,West,Credit Card
1490,2025-08-06,Beauty,Hair Oil,591.79,2,0,1183.58,Central,UPI
1491,2025-05-12,Beauty,Lip Balm,832.56,1,0,832.56,Central,Cash on Delivery
1492,2025-07-29,Electronics,Webcam,2328.89,2,0,4657.78,South,Debit Card
1493,2025-07-07,Fashion,Sunglasses,1733.47,1,10,1560.12,West,Net Banking
1494,2025-09-05,Beauty,Lip Balm,459.92,3,0,1379.76,East,Net Banking
1495,2025-08-17,Home,Storage Box,750.97,2,10,1351.75,North,Credit Card
1496,2025-01-27,Fashion,T-Shirt,771.81,1,0,771.81,Central,Net Banking
1497,2025-05-15,Electronics,Headphones,3381.39,1,0,3381.39,North,UPI
1498,2025-05-27,Electronics,Webcam,632.14,1,10,568.93,Central,Net Banking
1499,2025-04-14,Sports,Yoga Mat,2850.72,3,15,7269.34,West,UPI
1500,2025-03-28,Sports,Water Bottle,785.55,3,10,2120.98,South,Net Banking
1501,2025-06-30,Home,Coffee Mug,1248.03,5,10,5616.14,East,Cash on Delivery
1502,2025-05-26,Beauty,Perfume,300.23,1,10,270.21,North,Net Banking
1503,2025-08-21,Sports,Cap,1207.26,5,20,4829.04,Central,Credit Card
1504,2025-05-31,Sports,Yoga Mat,968.05,1,0,968.05,North,Net Banking
1505,2025-08-15,Electronics,Webcam,3848.48,4,20,12315.14,Central,Debit Card
1506,2025-01-15,Sports,Resistance Band,2367.41,3,5,6747.12,West,Cash on Delivery
1507,2025-07-31,Home,Table Lamp,812.28,3,20,1949.47,South,Debit Card
1508,2025-06-25,Sports,Cap,276.74,3,0,830.22,North,Cash on Delivery
1509,2025-09-13,Fashion,Sunglasses,990.52,1,10,891.47,South,Credit Card
1510,2025-07-02,Fashion,Sneakers,2220.03,1,0,2220.03,South,Net Banking
1511,2025-01-22,Electronics,Headphones,3720.66,2,15,6325.12,Central,UPI
1512,2025-09-09,Home,Storage Box,704.67,4,0,2818.68,Central,Debit Card
1513,2025-09-02,Sports,Water Bottle,1344.17,3,20,3226.01,Central,Cash on Delivery
1514,2025-09-23,Electronics,Webcam,1715.51,3,5,4889.2,West,UPI
1515,2025-05-13,Electronics,Headphones,2859.36,1,0,2859.36,East,Net Banking
1516,2025-08-06,Home,Coffee Mug,631.05,5,0,3155.25,South,Cash on Delivery
1517,2025-04-28,Home,Cushion Cover,1566.92,1,15,1331.88,South,Net Banking
1518,2025-01-05,Home,Coffee Mug,1088.54,3,0,3265.62,South,Cash on Delivery
1519,2025-06-03,Beauty,Lip Balm,896.67,3,0,2690.01,East,Cash on Delivery
1520,2025-02-19,Sports,Yoga Mat,1345.61,2,5,2556.66,East,Cash on Delivery
1521,2025-01-11,Home,Cushion Cover,777.54,2,5,1477.33,East,Debit Card
1522,2025-07-01,Home,Storage Box,518.33,2,0,1036.66,South,Debit Card
1523,2025-08-26,Sports,Resistance Band,2380.55,1,10,2142.5,Central,Debit Card
1524,2025-07-27,Fashion,Sneakers,1709.28,4,15,5811.55,Central,Net Banking
1525,2025-07-22,Electronics,Headphones,1067.0,1,0,1067.0,East,Debit Card
1526,2025-01-12,Beauty,Hair Oil,710.92,2,0,1421.84,South,Credit Card
1527,2025-02-22,Fashion,Backpack,2368.96,2,0,4737.92,South,Cash on Delivery
1528,2025-05-15,Beauty,Perfume,190.37,3,10,514.0,North,UPI
1529,2025-09-27,Electronics,Power Bank,1582.8,1,15,1345.38,South,Credit Card
1530,2025-05-20,Electronics,Headphones,2822.42,3,5,8043.9,West,Cash on Delivery
1531,2025-09-26,Fashion,Wallet,689.48,2,10,1241.06,Central,Cash on Delivery
1532,2025-06-07,Sports,Water Bottle,2749.54,1,0,2749.54,North,Cash on Delivery
1533,2025-05-27,Home,Coffee Mug,685.72,1,5,651.43,South,Debit Card
1534,2025-05-30,Electronics,Power Bank,3814.35,1,5,3623.63,,Cash on Delivery
1535,2025-03-25,Electronics,Webcam,1807.75,1,10,1626.98,West,Credit Card
1536,2025-05-20,Beauty,Sunscreen,315.44,1,0,315.44,Central,Net Banking
1537,2025-08-22,Sports,Water Bottle,1385.49,3,10,3740.82,East,UPI
1538,2025-04-06,Home,Storage Box,987.19,1,20,789.75,Central,UPI
1539,2025-03-19,Home,Cushion Cover,400.06,1,0,400.06,,UPI
1540,2025-01-17,Fashion,Backpack,1224.53,3,0,3673.59,East,Cash on Delivery
1541,2025-05-09,Fashion,T-Shirt,886.31,1,15,753.36,South,Credit Card
1542,2025-01-18,Electronics,Headphones,3911.09,2,0,7822.18,West,Credit Card
1543,2025-03-23,Electronics,Webcam,2831.03,1,10,2547.93,East,Debit Card
1544,2025-01-27,Electronics,Webcam,2323.24,1,15,1974.75,South,Debit Card
1545,2025-03-03,Fashion,T-Shirt,819.12,1,0,819.12,,Debit Card
1546,2025-07-10,Fashion,T-Shirt,2431.44,2,10,4376.59,Central,Credit Card
1547,2025-07-02,Fashion,Sneakers,1399.82,2,10,2519.68,North,UPI
1548,2025-04-09,Sports,Yoga Mat,596.03,1,0,596.03,East,Cash on Delivery
1549,2025-05-31,Beauty,Hair Oil,693.3,1,5,658.63,West,Net Banking
1550,2025-03-24,Beauty,Lip Balm,575.03,2,0,1150.06,West,Debit Card
1551,2025-07-14,Fashion,Sunglasses,950.48,1,10,855.43,North,Net Banking
1552,2025-07-18,Electronics,Webcam,3498.9,3,0,10496.7,North,Net Banking
1553,2025-02-19,Beauty,Perfume,265.6,1,5,252.32,East,UPI
1554,2025-09-06,Electronics,Headphones,3423.18,1,0,3423.18,South,UPI
1555,2025-05-12,Electronics,Webcam,2746.13,1,0,2746.13,Central,Net Banking
1556,2025-08-28,Fashion,Wallet,1879.26,1,15,1597.37,West,UPI
1557,2025-05-17,Electronics,Bluetooth Speaker,2453.07,4,5,9321.67,East,UPI
1558,2025-07-17,Electronics,Bluetooth Speaker,772.77,1,0,772.77,North,Credit Card
1559,2025-02-24,Sports,Dumbbell Set,1817.58,4,10,6543.29,Central,Cash on Delivery
1560,2025-04-03,Sports,Water Bottle,2104.85,2,5,3999.21,North,Credit Card
1561,2025-06-16,Sports,Water Bottle,2058.21,2,15,3498.96,East,Debit Card
1562,2025-07-12,Beauty,Sunscreen,769.62,1,10,692.66,Central,Credit Card
1563,2025-01-09,Home,Cushion Cover,1738.64,1,5,1651.71,North,Debit Card
1564,2025-09-19,Home,Table Lamp,680.53,1,5,646.5,North,Debit Card
1565,2025-05-08,Sports,Dumbbell Set,509.29,1,0,509.29,East,Debit Card
1566,2025-09-05,Home,Table Lamp,1112.78,2,0,2225.56,North,Debit Card
1567,2025-02-10,Sports,Yoga Mat,1886.89,1,10,1698.2,Central,Cash on Delivery
1568,2025-01-06,Home,Cushion Cover,1607.67,1,10,1446.9,North,Credit Card
1569,2025-09-15,Beauty,Face Wash,378.59,1,10,340.73,South,Debit Card
1570,2025-09-16,Fashion,T-Shirt,1782.0,5,0,8910.0,Central,Net Banking
1571,2025-01-26,Beauty,Hair Oil,739.78,1,5,702.79,West,Net Banking
1572,2025-04-12,Home,Table Lamp,837.64,1,5,795.76,South,Cash on Delivery
1573,2025-05-17,Sports,Dumbbell Set,1793.21,5,10,8069.44,South,UPI
1574,2025-06-14,Home,Storage Box,343.35,2,0,686.7,East,Credit Card
1575,2025-03-16,Electronics,Bluetooth Speaker,1092.39,1,5,1037.77,West,Net Banking
1576,2025-01-28,Fashion,Sneakers,1807.79,1,0,1807.79,North,UPI
1577,2025-06-06,Sports,Dumbbell Set,2639.07,3,5,7521.35,,UPI
1578,2025-09-05,Electronics,Bluetooth Speaker,1231.53,2,10,2216.75,Central,Debit Card
1579,2025-01-31,Fashion,T-Shirt,1128.53,4,0,4514.12,East,Credit Card
1580,2025-05-19,Sports,Water Bottle,395.98,2,10,712.76,,Cash on Delivery
1581,2025-09-18,Home,Table Lamp,230.53,3,20,553.27,South,Cash on Delivery
1582,2025-08-23,Electronics,Bluetooth Speaker,2196.32,2,5,4173.01,South,Net Banking
1583,2025-01-10,Electronics,Headphones,1365.87,2,0,2731.74,West,Credit Card
1584,2025-02-01,Home,Cushion Cover,1200.37,1,10,1080.33,Central,Debit Card
1585,2025-03-12,Beauty,Face Wash,858.1,4,0,3432.4,East,Cash on Delivery
1586,2025-05-04,Beauty,Perfume,870.45,2,5,1653.86,South,Cash on Delivery
1587,2025-04-14,Beauty,Hair Oil,832.3,1,15,707.45,South,Credit Card
1588,2025-03-22,Home,Storage Box,1655.3,1,0,1655.3,South,Net Banking
1589,2025-06-13,Sports,Cap,2858.65,1,15,2429.85,South,UPI
1590,2025-04-07,Beauty,Sunscreen,377.51,2,0,755.02,East,Credit Card
1591,2025-04-29,Fashion,T-Shirt,1977.38,2,5,3757.02,Central,Net Banking
1592,2025-08-29,Fashion,T-Shirt,1090.37,2,10,1962.67,Central,Net Banking
1593,2025-01-17,Home,Coffee Mug,1563.41,1,5,1485.24,South,Credit Card
1594,2025-02-03,Electronics,Bluetooth Speaker,3825.69,1,0,3825.69,South,Credit Card
1595,2025-07-27,Beauty,Perfume,517.46,1,10,465.71,South,Cash on Delivery
1596,2025-09-26,Sports,Resistance Band,2230.55,1,10,2007.5,Central,Net Banking
1597,2025-07-22,Electronics,Webcam,882.61,1,20,706.09,South,Net Banking
1598,2025-08-14,Electronics,Webcam,1855.89,3,0,5567.67,South,Debit Card
1599,2025-03-14,Home,Cushion Cover,938.16,1,5,891.25,North,Net Banking
1600,2025-07-21,Beauty,Face Wash,691.99,1,5,657.39,Central,Credit Card
1601,2025-02-16,Beauty,Face Wash,284.16,2,0,568.32,South,Cash on Delivery
1602,2025-07-16,Fashion,T-Shirt,500.62,2,10,901.12,North,Net Banking
1603,2025-03-18,Sports,Cap,2861.82,1,0,2861.82,South,Debit Card
1604,2025-04-03,Fashion,Sneakers,1992.14,1,0,1992.14,West,Debit Card
1605,2025-09-13,Fashion,Sneakers,307.77,3,5,877.14,,Cash on Delivery
1606,2025-07-29,Electronics,Webcam,3589.46,1,5,3409.99,West,Cash on Delivery
1607,2025-01-26,Sports,Cap,268.08,4,0,1072.32,Central,Credit Card
1608,2025-06-19,Electronics,Bluetooth Speaker,628.52,3,20,1508.45,Central,Debit Card
1609,2025-04-01,Electronics,Headphones,1959.35,1,20,1567.48,Central,Net Banking
1610,2025-02-04,Sports,Water Bottle,2811.57,1,10,2530.41,East,Cash on Delivery
1611,2025-09-27,Sports,Yoga Mat,1055.29,1,5,1002.53,East,Debit Card
1612,2025-09-05,Fashion,Sneakers,1646.52,1,10,1481.87,Central,UPI
1613,2025-07-01,Sports,Water Bottle,1424.4,3,20,3418.56,Central,Net Banking
1614,2025-04-30,Sports,Cap,1615.09,2,10,2907.16,South,Net Banking
1615,2025-08-01,Fashion,T-Shirt,560.06,1,5,532.06,South,Net Banking
1616,2025-05-25,Home,Cushion Cover,1096.66,2,0,2193.32,,Credit Card
1617,2025-06-24,Electronics,Bluetooth Speaker,1550.99,2,0,3101.98,North,Debit Card
1618,2025-08-31,Sports,Cap,2890.31,3,10,7803.84,East,Cash on Delivery
1619,2025-07-31,Fashion,Sunglasses,641.85,1,20,513.48,East,Cash on Delivery
1620,2025-04-17,Electronics,Webcam,1547.7,2,5,2940.63,Central,UPI
1621,2025-03-26,Home,Cushion Cover,305.94,1,5,290.64,East,Cash on Delivery
1622,2025-05-20,Beauty,Lip Balm,596.39,3,5,1699.71,East,UPI
1623,2025-03-31,Beauty,Lip Balm,428.69,3,0,1286.07,Central,Debit Card
1624,2025-03-20,Electronics,Smartwatch,3696.74,1,0,3696.74,West,Net Banking
1625,2025-03-09,Beauty,Perfume,382.77,1,0,382.77,North,Net Banking
1626,2025-02-14,Electronics,Power Bank,1856.56,3,0,5569.68,East,UPI
1627,2025-04-18,Electronics,Headphones,2322.02,2,0,4644.04,Central,Debit Card
1628,2025-03-18,Fashion,Backpack,908.63,1,0,908.63,North,Debit Card
1629,2025-06-13,Electronics,Headphones,3854.04,2,0,7708.08,Central,Debit Card
1630,2025-08-16,Home,Storage Box,591.72,1,0,591.72,East,Net Banking
1631,2025-07-20,Electronics,Power Bank,3661.52,1,0,3661.52,North,Cash on Delivery
1632,2025-06-20,Sports,Cap,1981.04,2,15,3367.77,East,Debit Card
1633,2025-08-28,Sports,Yoga Mat,2927.63,3,0,8782.89,South,UPI
1634,2025-07-06,Home,Wall Clock,952.87,4,0,3811.48,Central,Debit Card
1635,2025-08-25,Home,Cushion Cover,925.25,1,15,786.46,East,Cash on Delivery
1636,2025-02-06,Home,Cushion Cover,1167.1,1,10,1050.39,North,Debit Card
1637,2025-09-04,Sports,Resistance Band,1352.25,1,0,1352.25,Central,Credit Card
1638,2025-06-25,Home,Coffee Mug,1502.27,2,5,2854.31,West,Net Banking
1639,2025-02-28,Fashion,Sneakers,1757.75,1,5,1669.86,Central,Cash on Delivery
1640,2025-02-25,Beauty,Hair Oil,566.32,3,10,1529.06,West,UPI
1641,2025-01-01,Sports,Resistance Band,1150.37,2,10,2070.67,South,Credit Card
1642,2025-06-12,Fashion,Sunglasses,1468.76,1,0,1468.76,South,Credit Card
1643,2025-09-19,Home,Wall Clock,1348.47,4,5,5124.19,Central,UPI
1644,2025-07-03,Fashion,Backpack,437.3,4,0,1749.2,North,Net Banking
1645,2025-07-27,Home,Table Lamp,576.39,2,0,1152.78,East,Cash on Delivery
1646,2025-08-02,Sports,Dumbbell Set,2071.84,1,0,2071.84,West,Debit Card
1647,2025-03-11,Fashion,Sneakers,325.53,2,0,651.06,West,Cash on Delivery
1648,2025-08-21,Beauty,Sunscreen,820.19,2,5,1558.36,Central,Credit Card
1649,2025-09-13,Sports,Resistance Band,1307.97,1,15,1111.77,North,Net Banking
1650,2025-09-05,Fashion,Wallet,892.35,4,10,3212.46,North,UPI
1651,2025-08-27,Electronics,Webcam,2185.37,2,5,4152.2,Central,Debit Card
1652,2025-06-09,Sports,Cap,493.23,1,10,443.91,North,Net Banking
1653,2025-06-19,Home,Storage Box,1445.64,1,5,1373.36,West,Net Banking
1654,2025-05-14,Home,Cushion Cover,468.01,2,0,936.02,East,Net Banking
1655,2025-05-27,Beauty,Perfume,276.81,1,5,262.97,Central,UPI
1656,2025-05-21,Fashion,Wallet,469.1,3,15,1196.21,Central,Debit Card
1657,2025-03-31,Electronics,Headphones,2613.38,4,0,10453.52,West,Debit Card
1658,2025-03-20,Fashion,Sunglasses,697.78,2,15,1186.23,North,Credit Card
1659,2025-06-26,Beauty,Sunscreen,328.46,1,0,328.46,South,Net Banking
1660,2025-04-30,Home,Table Lamp,284.04,1,0,284.04,West,Net Banking
1661,2025-07-15,Beauty,Sunscreen,346.97,2,10,624.55,East,Cash on Delivery
1662,2025-05-20,Sports,Yoga Mat,517.75,2,0,1035.5,West,Net Banking
1663,2025-04-10,Home,Table Lamp,608.55,2,5,1156.24,South,Net Banking
1664,2025-02-20,Fashion,Backpack,1504.75,2,5,2859.03,North,Cash on Delivery
1665,2025-02-17,Beauty,Hair Oil,314.56,1,0,314.56,North,Net Banking
1666,2025-03-08,Sports,Dumbbell Set,2863.84,2,0,5727.68,North,UPI
1667,2025-08-21,Sports,Dumbbell Set,2714.0,2,20,4342.4,West,UPI
1668,2025-02-07,Home,Wall Clock,1307.55,2,0,2615.1,East,Credit Card
1669,2025-08-14,Electronics,Power Bank,1860.07,5,0,9300.35,East,Credit Card
1670,2025-04-22,Fashion,Wallet,1163.8,2,10,2094.84,Central,Cash on Delivery
1671,2025-08-17,Electronics,Power Bank,3003.9,1,0,3003.9,Central,Debit Card
1672,2025-03-19,Beauty,Lip Balm,639.65,1,10,575.68,West,Debit Card
1673,2025-07-26,Beauty,Perfume,152.78,2,15,259.73,West,Cash on Delivery
1674,2025-07-03,Electronics,Webcam,1290.46,1,0,1290.46,West,UPI
1675,2025-06-24,Home,Wall Clock,288.31,5,0,1441.55,East,Net Banking
1676,2025-06-03,Beauty,Hair Oil,635.84,1,10,572.26,West,Credit Card
1677,2025-01-19,Electronics,Bluetooth Speaker,2202.76,4,0,8811.04,South,Credit Card
1678,2025-08-19,Sports,Dumbbell Set,1595.39,1,20,1276.31,East,Cash on Delivery
1679,2025-04-19,Electronics,Headphones,1687.5,1,15,1434.38,West,UPI
1680,2025-02-06,Sports,Resistance Band,2835.25,4,0,11341.0,Central,Credit Card
1681,2025-03-08,Fashion,Sunglasses,1738.43,1,0,1738.43,North,Credit Card
1682,2025-02-24,Electronics,Bluetooth Speaker,3372.59,1,0,3372.59,Central,UPI
1683,2025-03-03,Sports,Cap,856.57,3,20,2055.77,West,Debit Card
1684,2025-03-30,Sports,Cap,627.66,3,0,1882.98,North,Net Banking
1685,2025-08-13,Electronics,Bluetooth Speaker,994.33,1,0,994.33,Central,Credit Card
1686,2025-01-09,Sports,Yoga Mat,616.77,3,15,1572.76,West,Credit Card
1687,2025-08-02,Electronics,Headphones,525.28,4,10,1891.01,Central,Debit Card
1688,2025-03-31,Beauty,Lip Balm,304.62,2,10,548.32,West,Credit Card
1689,2025-08-03,Electronics,Webcam,1130.0,1,0,1130.0,East,Debit Card
1690,2025-09-17,Fashion,Sneakers,558.52,2,0,1117.04,East,Net Banking
1691,2025-04-01,Fashion,Backpack,416.75,1,0,416.75,West,Cash on Delivery
1692,2025-08-21,Electronics,Headphones,2757.01,1,0,2757.01,East,Net Banking
1693,2025-05-01,Electronics,Webcam,1115.61,3,10,3012.15,North,UPI
1694,2025-02-26,Sports,Cap,1146.42,1,0,1146.42,East,Credit Card
1695,2025-08-30,Electronics,Smartwatch,3082.12,3,5,8784.04,South,UPI
1696,2025-03-11,Electronics,Power Bank,1007.29,4,5,3827.7,West,Debit Card
1697,2025-05-24,Fashion,Backpack,2446.22,1,0,2446.22,Central,UPI
1698,2025-03-22,Beauty,Sunscreen,463.67,3,10,1251.91,East,Net Banking
1699,2025-09-08,Sports,Dumbbell Set,1839.83,2,15,3127.71,West,Net Banking
1700,2025-05-07,Fashion,Wallet,1341.68,1,0,1341.68,,Cash on Delivery
1701,2025-08-02,Beauty,Perfume,316.8,4,20,1013.76,Central,UPI
1702,2025-02-20,Electronics,Power Bank,3067.17,2,5,5827.62,West,Cash on Delivery
1703,2025-07-03,Fashion,T-Shirt,1528.67,1,0,1528.67,South,Credit Card
1704,2025-01-13,Electronics,Headphones,2179.24,1,20,1743.39,Central,Net Banking
1705,2025-01-01,Beauty,Lip Balm,805.65,1,15,684.8,East,Cash on Delivery
1706,2025-04-17,Electronics,Power Bank,3627.02,1,10,3264.32,West,Debit Card
1707,2025-02-26,Electronics,Webcam,3582.97,2,0,7165.94,East,UPI
1708,2025-04-15,Beauty,Perfume,180.66,1,0,180.66,North,Net Banking
1709,2025-04-26,Home,Coffee Mug,1063.41,2,0,2126.82,Central,Credit Card
1710,2025-09-06,Home,Storage Box,1288.36,1,5,1223.94,East,Cash on Delivery
1711,2025-07-08,Electronics,Power Bank,2984.39,2,10,5371.9,East,Cash on Delivery
1712,2025-02-09,Electronics,Smartwatch,3621.66,1,0,3621.66,South,Debit Card
1713,2025-05-31,Home,Table Lamp,1315.33,1,5,1249.56,Central,UPI
1714,2025-04-07,Sports,Dumbbell Set,1553.24,1,0,1553.24,North,Debit Card
1715,2025-08-16,Fashion,Wallet,1718.28,1,5,1632.37,East,Cash on Delivery
1716,2025-07-10,Sports,Dumbbell Set,2720.28,1,20,2176.22,South,Cash on Delivery
1717,2025-05-27,Electronics,Smartwatch,1735.92,1,0,1735.92,South,Net Banking
1718,2025-08-14,Fashion,Sneakers,654.76,1,0,654.76,Central,Credit Card
1719,2025-07-10,Fashion,Sneakers,1537.47,1,5,1460.6,East,Credit Card
1720,2025-08-23,Fashion,Wallet,963.43,4,20,3082.98,West,Credit Card
1721,2025-05-29,Fashion,T-Shirt,2434.33,2,20,3894.93,East,Cash on Delivery
1722,2025-09-03,Sports,Dumbbell Set,2448.83,2,15,4163.01,East,UPI
1723,2025-07-02,Fashion,Wallet,557.13,1,0,557.13,South,Cash on Delivery
1724,2025-01-12,Electronics,Webcam,2744.59,2,0,5489.18,East,Credit Card
1725,2025-09-19,Beauty,Face Wash,881.88,1,20,705.5,Central,Net Banking
1726,2025-05-26,Home,Wall Clock,436.71,3,0,1310.13,East,UPI
1727,2025-08-15,Home,Wall Clock,1598.88,1,0,1598.88,West,Cash on Delivery
1728,2025-09-01,Beauty,Sunscreen,254.68,2,20,407.49,South,Debit Card
1729,2025-07-29,Sports,Water Bottle,431.82,5,10,1943.19,North,UPI
1730,2025-04-06,Home,Wall Clock,479.83,1,15,407.86,South,Credit Card
1731,2025-09-10,Home,Storage Box,984.94,3,5,2807.08,Central,Debit Card
1732,2025-05-28,Beauty,Lip Balm,170.13,1,5,161.62,West,UPI
1733,2025-07-05,Beauty,Lip Balm,171.33,3,5,488.29,North,Net Banking
1734,2025-09-20,Sports,Resistance Band,2637.95,2,10,4748.31,North,Debit Card
1735,2025-03-25,Electronics,Bluetooth Speaker,1069.97,1,0,1069.97,South,Debit Card
1736,2025-02-09,Home,Wall Clock,1218.0,5,5,5785.5,East,Net Banking
1737,2025-05-19,Fashion,T-Shirt,1617.28,1,10,1455.55,East,Debit Card
1738,2025-05-25,Home,Table Lamp,1055.07,1,0,1055.07,South,Net Banking
1739,2025-04-24,Beauty,Sunscreen,405.23,4,15,1377.78,South,Net Banking
1740,2025-08-02,Sports,Cap,2146.55,5,5,10196.11,Central,UPI
1741,2025-03-13,Electronics,Headphones,3365.96,4,15,11444.26,East,Debit Card
1742,2025-04-24,Sports,Cap,2349.87,1,0,2349.87,North,UPI
1743,2025-02-09,Fashion,Sneakers,976.34,1,0,976.34,West,UPI
1744,2025-01-31,Beauty,Sunscreen,181.89,1,5,172.8,Central,Net Banking
1745,2025-04-16,Home,Table Lamp,306.0,2,5,581.4,North,Net Banking
1746,2025-06-28,Fashion,Sneakers,1775.32,1,0,1775.32,East,Net Banking
1747,2025-09-28,Sports,Cap,915.01,2,0,1830.02,Central,UPI
1748,2025-04-20,Fashion,Backpack,677.9,3,20,1626.96,,UPI
1749,2025-07-01,Beauty,Hair Oil,673.6,1,20,538.88,North,Credit Card
1750,2025-08-27,Beauty,Lip Balm,535.69,1,0,535.69,East,UPI
1751,2025-06-17,Fashion,Sunglasses,1977.0,2,5,3756.3,North,UPI
1752,2025-07-28,Beauty,Hair Oil,492.71,2,0,985.42,West,Credit Card
1753,2025-01-07,Beauty,Lip Balm,792.58,4,20,2536.26,East,Credit Card
1754,2025-07-22,Beauty,Face Wash,447.28,2,5,849.83,North,Credit Card
1755,2025-06-23,Sports,Yoga Mat,2288.94,4,0,9155.76,East,Credit Card
1756,2025-05-20,Beauty,Face Wash,324.65,1,10,292.19,Central,Net Banking
1757,2025-05-23,Beauty,Hair Oil,506.87,2,0,1013.74,West,Net Banking
1758,2025-02-20,Beauty,Face Wash,241.64,1,10,217.48,South,UPI
1759,2025-06-05,Electronics,Power Bank,2873.38,5,10,12930.21,East,Credit Card
1760,2025-05-31,Electronics,Headphones,2813.78,2,10,5064.8,West,Credit Card
1761,2025-01-17,Beauty,Perfume,346.25,1,20,277.0,Central,UPI
1762,2025-04-01,Electronics,Power Bank,2075.4,3,5,5914.89,North,UPI
1763,2025-09-09,Home,Coffee Mug,986.37,1,10,887.73,West,UPI
1764,2025-05-15,Sports,Cap,1542.0,2,5,2929.8,North,Cash on Delivery
1765,2025-01-24,Beauty,Perfume,657.37,3,0,1972.11,North,UPI
1766,2025-02-19,Home,Cushion Cover,1495.29,2,5,2841.05,East,Cash on Delivery
1767,2025-02-13,Home,Wall Clock,762.03,2,15,1295.45,East,Net Banking
1768,2025-08-05,Electronics,Bluetooth Speaker,900.65,1,5,855.62,North,Cash on Delivery
1769,2025-07-19,Beauty,Hair Oil,165.3,1,0,165.3,East,Cash on Delivery
1770,2025-03-27,Electronics,Power Bank,850.2,2,10,1530.36,Central,Debit Card
1771,2025-04-20,Home,Wall Clock,522.81,2,0,1045.62,North,Net Banking
1772,2025-02-18,Electronics,Bluetooth Speaker,3986.8,1,5,3787.46,North,Net Banking
1773,2025-06-04,Home,Table Lamp,1106.29,2,5,2101.95,East,UPI
1774,2025-09-21,Home,Wall Clock,1261.53,1,5,1198.45,East,Net Banking
1775,2025-09-13,Sports,Dumbbell Set,2672.47,2,0,5344.94,South,Net Banking
1776,2025-01-31,Beauty,Hair Oil,852.87,2,5,1620.45,West,Net Banking
1777,2025-07-30,Home,Wall Clock,436.39,1,0,436.39,East,Cash on Delivery
1778,2025-05-01,Electronics,Smartwatch,3460.88,1,5,3287.84,South,Debit Card
1779,2025-08-12,Electronics,Smartwatch,1171.71,1,5,1113.12,West,Cash on Delivery
1780,2025-04-01,Electronics,Smartwatch,1057.75,1,10,951.98,East,Net Banking
1781,2025-06-02,Electronics,Power Bank,3237.82,1,15,2752.15,East,Net Banking
1782,2025-02-27,Beauty,Hair Oil,653.75,4,5,2484.25,South,Credit Card
1783,2025-09-12,Sports,Yoga Mat,1685.38,3,15,4297.72,Central,Debit Card
1784,2025-05-01,Fashion,Wallet,569.01,3,20,1365.62,Central,Cash on Delivery
1785,2025-01-29,Fashion,Sneakers,534.99,1,5,508.24,West,Debit Card
1786,2025-07-05,Home,Table Lamp,706.38,1,5,671.06,East,Credit Card
1787,2025-05-10,Home,Cushion Cover,233.72,5,5,1110.17,North,Credit Card
1788,2025-07-18,Home,Cushion Cover,1645.05,2,0,3290.1,South,Cash on Delivery
1789,2025-03-24,Beauty,Hair Oil,375.67,4,15,1277.28,East,Credit Card
1790,2025-07-31,Home,Wall Clock,1462.91,1,20,1170.33,West,Cash on Delivery
1791,2025-02-03,Home,Wall Clock,1602.82,3,0,4808.46,East,Net Banking
1792,2025-08-16,Sports,Cap,2278.91,1,10,2051.02,North,Credit Card
1793,2025-03-22,Fashion,T-Shirt,1181.46,2,0,2362.92,North,UPI
1794,2025-05-14,Fashion,Wallet,1808.66,3,0,5425.98,West,Credit Card
1795,2025-07-13,Sports,Water Bottle,2448.7,1,20,1958.96,South,Cash on Delivery
1796,2025-02-15,Sports,Dumbbell Set,307.02,1,20,245.62,Central,Credit Card
1797,2025-05-14,Fashion,Backpack,1842.77,1,0,1842.77,West,Net Banking
1798,2025-09-11,Home,Coffee Mug,1715.59,1,0,1715.59,West,Cash on Delivery
1799,2025-03-08,Fashion,Sneakers,2381.32,3,5,6786.76,West,Cash on Delivery
1800,2025-04-03,Fashion,Wallet,774.25,3,5,2206.61,South,Cash on Delivery
1801,2025-08-23,Fashion,T-Shirt,938.42,1,0,938.42,South,Debit Card
1802,2025-08-05,Beauty,Lip Balm,803.58,5,10,3616.11,South,Cash on Delivery
1803,2025-07-01,Home,Table Lamp,352.45,1,20,281.96,South,Cash on Delivery
1804,2025-03-09,Sports,Yoga Mat,264.74,2,20,423.58,West,Debit Card
1805,2025-03-09,Sports,Yoga Mat,1846.34,1,0,1846.34,East,Cash on Delivery
1806,2025-05-24,Sports,Resistance Band,639.94,1,10,575.95,South,Cash on Delivery
1807,2025-06-10,Beauty,Hair Oil,827.09,1,5,785.74,East,Net Banking
1808,2025-01-28,Fashion,Backpack,1921.11,1,0,1921.11,Central,Cash on Delivery
1809,2025-03-01,Electronics,Smartwatch,1140.99,1,20,912.79,West,Cash on Delivery
1810,2025-02-27,Beauty,Face Wash,481.14,5,15,2044.84,West,Cash on Delivery
1811,2025-05-20,Fashion,T-Shirt,1069.13,1,5,1015.67,South,Net Banking
1812,2025-08-02,Sports,Dumbbell Set,1854.76,5,20,7419.04,Central,Credit Card
1813,2025-07-11,Fashion,Sunglasses,1789.2,4,5,6798.96,North,Cash on Delivery
1814,2025-05-18,Electronics,Bluetooth Speaker,1038.21,1,5,986.3,West,Cash on Delivery
1815,2025-03-08,Electronics,Bluetooth Speaker,3894.2,2,0,7788.4,East,Net Banking
1816,2025-02-17,Electronics,Bluetooth Speaker,1631.1,1,0,1631.1,Central,Cash on Delivery
1817,2025-07-18,Fashion,Sneakers,2423.11,3,10,6542.4,South,Credit Card
1818,2025-03-09,Home,Coffee Mug,392.96,1,0,392.96,East,Net Banking
1819,2025-08-05,Electronics,Bluetooth Speaker,2294.29,1,0,2294.29,West,Debit Card
1820,2025-06-24,Beauty,Hair Oil,610.4,1,20,488.32,North,Net Banking
1821,2025-08-28,Fashion,Sneakers,2347.47,2,5,4460.19,North,Debit Card
1822,2025-08-07,Beauty,Hair Oil,261.45,1,0,261.45,South,Net Banking
1823,2025-02-18,Electronics,Webcam,767.86,1,5,729.47,West,Cash on Delivery
1824,2025-08-25,Sports,Water Bottle,1227.51,2,0,2455.02,North,UPI
1825,2025-08-21,Fashion,Sunglasses,399.57,1,10,359.61,East,Net Banking
1826,2025-04-05,Beauty,Perfume,755.88,1,0,755.88,South,Credit Card
1827,2025-03-01,Sports,Water Bottle,2646.94,1,0,2646.94,North,Cash on Delivery
1828,2025-06-05,Beauty,Sunscreen,668.85,3,10,1805.9,Central,Cash on Delivery
1829,2025-03-06,Sports,Water Bottle,2149.32,5,0,10746.6,East,UPI
1830,2025-09-04,Fashion,T-Shirt,2095.13,2,10,3771.23,North,Credit Card
1831,2025-08-26,Fashion,Sunglasses,2152.6,3,0,6457.8,North,Debit Card
1832,2025-08-30,Beauty,Face Wash,237.34,4,0,949.36,West,Cash on Delivery
1833,2025-06-20,Beauty,Perfume,331.97,1,0,331.97,West,UPI
1834,2025-01-19,Beauty,Sunscreen,786.46,2,5,1494.27,Central,Debit Card
1835,2025-02-01,Beauty,Perfume,593.28,2,5,1127.23,West,Credit Card
1836,2025-03-01,Beauty,Perfume,386.89,1,5,367.55,West,Cash on Delivery
1837,2025-06-26,Home,Wall Clock,1316.02,1,5,1250.22,South,Cash on Delivery
1838,2025-05-31,Sports,Dumbbell Set,1866.06,2,10,3358.91,West,Credit Card
1839,2025-04-17,Beauty,Sunscreen,774.81,2,0,1549.62,West,Credit Card
1840,2025-09-10,Electronics,Power Bank,951.84,1,0,951.84,North,Cash on Delivery
1841,2025-03-31,Fashion,Wallet,403.51,1,15,342.98,East,Credit Card
1842,2025-04-25,Sports,Yoga Mat,2468.74,1,5,2345.3,South,UPI
1843,2025-02-23,Home,Cushion Cover,1431.0,3,10,3863.7,South,Net Banking
1844,2025-02-22,Beauty,Sunscreen,871.99,3,15,2223.57,Central,Net Banking
1845,2025-05-30,Electronics,Webcam,868.94,2,10,1564.09,East,Credit Card
1846,2025-03-04,Sports,Resistance Band,2264.52,1,15,1924.84,East,Credit Card
1847,2025-05-27,Beauty,Sunscreen,726.91,1,5,690.56,West,Debit Card
1848,2025-08-04,Electronics,Bluetooth Speaker,1803.53,3,10,4869.53,South,Credit Card
1849,2025-01-16,Fashion,Sunglasses,1209.5,1,5,1149.02,Central,Debit Card
1850,2025-02-01,Electronics,Webcam,3802.75,1,0,3802.75,South,Cash on Delivery
1851,2025-08-03,Electronics,Smartwatch,3658.79,1,5,3475.85,Central,Debit Card
1852,2025-03-17,Sports,Water Bottle,2234.27,1,10,2010.84,East,Net Banking
1853,2025-07-27,Beauty,Lip Balm,815.68,2,10,1468.22,West,Debit Card
1854,2025-05-26,Home,Table Lamp,259.15,1,0,259.15,South,Net Banking
1855,2025-05-13,Sports,Cap,1108.69,1,0,1108.69,North,UPI
1856,2025-09-17,Home,Wall Clock,1779.13,1,0,1779.13,East,Debit Card
1857,2025-05-01,Electronics,Headphones,2070.58,2,15,3519.99,,Debit Card
1858,2025-06-29,Sports,Cap,2215.28,4,0,8861.12,Central,Credit Card
1859,2025-04-09,Sports,Dumbbell Set,2214.47,2,15,3764.6,East,Net Banking
1860,2025-02-01,Home,Wall Clock,356.78,2,5,677.88,North,UPI
1861,2025-09-23,Fashion,Sunglasses,772.53,1,10,695.28,West,Net Banking
1862,2025-03-25,Home,Storage Box,998.12,1,0,998.12,West,Cash on Delivery
1863,2025-04-19,Fashion,Sunglasses,1864.53,1,5,1771.3,Central,UPI
1864,2025-02-26,Electronics,Smartwatch,3804.24,1,0,3804.24,Central,Cash on Delivery
1865,2025-05-31,Sports,Water Bottle,360.78,1,5,342.74,East,Debit Card
1866,2025-04-21,Fashion,Sneakers,2024.34,1,0,2024.34,East,Debit Card
1867,2025-06-08,Beauty,Face Wash,241.75,1,5,229.66,West,Cash on Delivery
1868,2025-08-24,Home,Wall Clock,960.36,2,10,1728.65,South,Net Banking
1869,2025-07-18,Beauty,Lip Balm,799.76,1,0,799.76,Central,Cash on Delivery
1870,2025-03-26,Beauty,Hair Oil,555.75,5,10,2500.88,East,UPI
1871,2025-01-28,Sports,Water Bottle,1792.87,1,20,1434.3,South,Net Banking
1872,2025-04-03,Sports,Dumbbell Set,2314.04,2,20,3702.46,,Net Banking
1873,2025-06-14,Home,Coffee Mug,592.46,2,5,1125.67,West,UPI
1874,2025-09-28,Electronics,Power Bank,3516.91,1,0,3516.91,West,UPI
1875,2025-05-11,Home,Table Lamp,383.43,1,10,345.09,South,Credit Card
1876,2025-01-14,Fashion,Backpack,2394.76,2,10,4310.57,East,Credit Card
1877,2025-03-03,Home,Wall Clock,357.99,1,0,357.99,East,Cash on Delivery
1878,2025-05-18,Fashion,Wallet,1589.26,1,0,1589.26,West,UPI
1879,2025-05-18,Beauty,Perfume,455.31,1,5,432.54,South,UPI
1880,2025-07-28,Sports,Yoga Mat,927.37,2,5,1762.0,East,Net Banking
1881,2025-08-05,Sports,Dumbbell Set,2402.92,1,20,1922.34,South,Credit Card
1882,2025-03-27,Sports,Resistance Band,364.93,3,0,1094.79,Central,Debit Card
1883,2025-09-19,Beauty,Hair Oil,598.4,3,0,1795.2,East,Credit Card
1884,2025-05-24,Fashion,Wallet,1538.78,1,15,1307.96,North,Credit Card
1885,2025-08-20,Fashion,Wallet,1410.6,3,0,4231.8,East,Debit Card
1886,2025-09-01,Home,Cushion Cover,537.0,5,0,2685.0,South,UPI
1887,2025-02-11,Electronics,Smartwatch,1946.07,4,10,7005.85,West,Net Banking
1888,2025-07-12,Electronics,Webcam,608.32,3,15,1551.22,North,Debit Card
1889,2025-08-25,Home,Wall Clock,483.5,3,0,1450.5,North,UPI
1890,2025-02-16,Fashion,Sunglasses,320.6,2,15,545.02,East,Credit Card
1891,2025-04-18,Home,Coffee Mug,574.81,1,0,574.81,East,Cash on Delivery
1892,2025-03-31,Beauty,Face Wash,802.44,2,0,1604.88,Central,Credit Card
1893,2025-04-09,Fashion,T-Shirt,580.35,4,15,1973.19,Central,Debit Card
1894,2025-01-27,Electronics,Webcam,2650.6,2,15,4506.02,North,Cash on Delivery
1895,2025-09-11,Home,Wall Clock,1550.95,1,0,1550.95,Central,Cash on Delivery
1896,2025-07-20,Electronics,Smartwatch,664.38,4,0,2657.52,East,UPI
1897,2025-05-08,Electronics,Webcam,3326.86,5,0,16634.3,West,UPI
1898,2025-06-21,Home,Cushion Cover,300.55,2,15,510.94,West,UPI
1899,2025-05-02,Fashion,T-Shirt,1341.87,5,20,5367.48,East,Net Banking
1900,2025-02-01,Sports,Cap,1455.96,1,15,1237.57,North,UPI
1901,2025-01-29,Beauty,Hair Oil,817.56,2,0,1635.12,North,Cash on Delivery
1902,2025-02-19,Beauty,Face Wash,226.37,1,10,203.73,West,Cash on Delivery
1903,2025-08-26,Beauty,Lip Balm,798.44,3,10,2155.79,West,Cash on Delivery
1904,2025-09-22,Sports,Cap,528.51,2,0,1057.02,North,Cash on Delivery
1905,2025-03-06,Fashion,T-Shirt,525.92,2,10,946.66,South,Net Banking
1906,2025-01-23,Home,Cushion Cover,873.61,2,0,1747.22,South,Credit Card
1907,2025-03-16,Home,Storage Box,897.36,5,0,4486.8,East,Net Banking
1908,2025-03-16,Home,Storage Box,748.64,1,0,748.64,,Net Banking
1909,2025-02-05,Sports,Cap,2611.43,1,0,2611.43,South,Credit Card
1910,2025-06-03,Beauty,Sunscreen,599.82,1,5,569.83,East,Net Banking
1911,2025-04-25,Fashion,T-Shirt,1299.46,3,10,3508.54,South,UPI
1912,2025-04-16,Beauty,Perfume,309.85,1,5,294.36,East,Cash on Delivery
1913,2025-08-14,Electronics,Bluetooth Speaker,534.62,1,0,534.62,South,Debit Card
1914,2025-05-15,Sports,Water Bottle,370.74,1,10,333.67,South,Credit Card
1915,2025-01-11,Home,Storage Box,593.54,1,15,504.51,East,UPI
1916,2025-08-22,Fashion,Sunglasses,1740.71,4,0,6962.84,South,Debit Card
1917,2025-03-02,Home,Coffee Mug,1705.86,5,0,8529.3,West,UPI
1918,2025-05-06,Fashion,Sneakers,721.7,1,20,577.36,Central,Cash on Delivery
1919,2025-01-28,Sports,Cap,770.03,2,10,1386.05,East,Credit Card
1920,2025-08-29,Home,Coffee Mug,1562.4,5,10,7030.8,South,UPI
1921,2025-09-13,Sports,Yoga Mat,710.44,1,5,674.92,Central,Debit Card
1922,2025-05-18,Fashion,Backpack,1867.47,2,5,3548.19,West,Cash on Delivery
1923,2025-04-22,Sports,Yoga Mat,819.8,4,0,3279.2,South,Cash on Delivery
1924,2025-02-13,Beauty,Perfume,267.91,3,0,803.73,North,Credit Card
1925,2025-08-19,Sports,Water Bottle,882.99,1,5,838.84,East,Cash on Delivery
1926,2025-04-30,Beauty,Hair Oil,753.38,1,0,753.38,South,Cash on Delivery
1927,2025-05-22,Electronics,Bluetooth Speaker,3655.17,1,20,2924.14,Central,UPI
1928,2025-05-09,Electronics,Headphones,749.72,1,0,749.72,South,Debit Card
1929,2025-01-05,Home,Coffee Mug,1329.03,5,10,5980.64,Central,Debit Card
1930,2025-08-30,Home,Cushion Cover,1453.01,1,10,1307.71,Central,UPI
1931,2025-08-28,Fashion,Sunglasses,800.67,2,10,1441.21,South,Net Banking
1932,2025-08-13,Beauty,Hair Oil,743.94,1,5,706.74,West,Credit Card
1933,2025-07-01,Sports,Yoga Mat,1280.43,2,0,2560.86,North,Cash on Delivery
1934,2025-06-16,Beauty,Sunscreen,664.32,1,5,631.1,Central,Debit Card
1935,2025-07-20,Sports,Yoga Mat,2785.9,1,20,2228.72,East,Net Banking
1936,2025-08-20,Fashion,Sunglasses,440.16,1,10,396.14,East,Net Banking
1937,2025-01-14,Home,Table Lamp,474.28,2,0,948.56,Central,Cash on Delivery
1938,2025-01-30,Electronics,Power Bank,1493.36,1,0,1493.36,North,Cash on Delivery
1939,2025-08-03,Electronics,Smartwatch,1643.7,4,5,6246.06,North,Credit Card
1940,2025-08-10,Electronics,Power Bank,3842.84,3,15,9799.24,South,Debit Card
1941,2025-05-22,Beauty,Lip Balm,602.78,4,0,2411.12,Central,Cash on Delivery
1942,2025-09-09,Fashion,Sunglasses,440.73,1,5,418.69,Central,Debit Card
1943,2025-06-02,Sports,Yoga Mat,2277.55,1,0,2277.55,West,Debit Card
1944,2025-04-04,Fashion,Sunglasses,848.1,4,10,3053.16,West,Cash on Delivery
1945,2025-05-30,Electronics,Power Bank,2945.26,1,10,2650.73,South,Debit Card
1946,2025-02-09,Electronics,Smartwatch,3680.58,1,10,3312.52,North,Debit Card
1947,2025-01-14,Sports,Water Bottle,1377.76,1,0,1377.76,North,Cash on Delivery
1948,2025-05-09,Beauty,Sunscreen,407.74,1,0,407.74,North,UPI
1949,2025-05-05,Fashion,Backpack,1774.65,1,10,1597.19,North,Net Banking
1950,2025-02-21,Beauty,Lip Balm,503.09,1,0,503.09,North,Net Banking
1951,2025-03-20,Electronics,Webcam,3095.06,1,5,2940.31,North,Debit Card
1952,2025-09-25,Fashion,Sneakers,1871.71,4,10,6738.16,West,UPI
1953,2025-04-14,Electronics,Power Bank,2916.21,1,20,2332.97,North,Cash on Delivery
1954,2025-04-09,Home,Coffee Mug,519.98,1,10,467.98,North,Debit Card
1955,2025-01-23,Electronics,Smartwatch,3855.61,1,5,3662.83,South,Credit Card
1956,2025-08-08,Electronics,Bluetooth Speaker,1629.38,2,0,3258.76,Central,Cash on Delivery
1957,2025-07-19,Fashion,T-Shirt,1084.47,1,0,1084.47,East,UPI
1958,2025-04-22,Fashion,T-Shirt,1747.52,1,5,1660.14,North,UPI
1959,2025-05-09,Sports,Resistance Band,2953.53,1,20,2362.82,Central,Credit Card
1960,2025-03-31,Sports,Water Bottle,2948.89,2,10,5308.0,South,Debit Card
1961,2025-09-19,Home,Wall Clock,308.02,1,10,277.22,West,Cash on Delivery
1962,2025-06-08,Fashion,Wallet,1592.43,5,0,7962.15,Central,UPI
1963,2025-03-19,Beauty,Lip Balm,614.82,1,0,614.82,East,Credit Card
1964,2025-05-23,Electronics,Smartwatch,3731.93,2,0,7463.86,East,Credit Card
1965,2025-06-19,Electronics,Webcam,3271.23,1,0,3271.23,North,Credit Card
1966,2025-07-15,Fashion,Wallet,418.96,4,5,1592.05,South,Net Banking
1967,2025-03-14,Fashion,Sunglasses,1685.52,1,20,1348.42,South,UPI
1968,2025-09-17,Fashion,T-Shirt,682.09,2,0,1364.18,South,Credit Card
1969,2025-06-05,Beauty,Hair Oil,273.12,1,0,273.12,Central,Credit Card
1970,2025-07-13,Beauty,Lip Balm,353.9,3,0,1061.7,East,Cash on Delivery
1971,2025-07-15,Beauty,Sunscreen,528.97,2,5,1005.04,West,UPI
1972,2025-08-26,Electronics,Bluetooth Speaker,2583.14,1,0,2583.14,East,Cash on Delivery
1973,2025-03-21,Home,Wall Clock,1099.43,1,15,934.52,West,Credit Card
1974,2025-07-22,Electronics,Headphones,3515.79,2,20,5625.26,West,Cash on Delivery
1975,2025-03-05,Home,Wall Clock,983.28,2,0,1966.56,West,UPI
1976,2025-09-08,Sports,Dumbbell Set,784.13,1,10,705.72,East,Net Banking
1977,2025-01-18,Home,Table Lamp,1241.45,4,20,3972.64,South,Cash on Delivery
1978,2025-05-11,Home,Table Lamp,1315.95,2,0,2631.9,West,Credit Card
1979,2025-02-11,Sports,Dumbbell Set,283.93,3,5,809.2,West,Cash on Delivery
1980,2025-07-15,Fashion,Sunglasses,664.81,1,5,631.57,Central,Net Banking
1981,2025-04-18,Beauty,Face Wash,231.96,2,20,371.14,South,Debit Card
1982,2025-08-02,Beauty,Hair Oil,154.82,1,5,147.08,North,UPI
1983,2025-04-04,Home,Wall Clock,473.01,1,5,449.36,South,Cash on Delivery
1984,2025-05-13,Electronics,Power Bank,2484.82,1,20,1987.86,South,Credit Card
1985,2025-05-31,Beauty,Sunscreen,620.13,2,0,1240.26,South,UPI
1986,2025-01-05,Electronics,Bluetooth Speaker,724.92,1,0,724.92,West,UPI
1987,2025-09-24,Electronics,Webcam,3262.23,1,20,2609.78,North,Cash on Delivery
1988,2025-06-11,Home,Wall Clock,957.17,1,15,813.59,East,Debit Card
1989,2025-01-02,Home,Wall Clock,805.5,1,5,765.22,East,UPI
1990,2025-08-20,Beauty,Lip Balm,169.26,1,10,152.33,South,Debit Card
1991,2025-07-04,Beauty,Perfume,459.84,1,15,390.86,East,UPI
1992,2025-08-08,Home,Wall Clock,573.69,1,20,458.95,North,Debit Card
1993,2025-09-16,Beauty,Face Wash,700.71,1,0,700.71,South,Net Banking
1994,2025-08-17,Beauty,Face Wash,376.01,2,20,601.62,West,Credit Card
1995,2025-08-11,Beauty,Perfume,330.68,1,20,264.54,North,UPI
1996,2025-05-12,Electronics,Smartwatch,3751.51,1,10,3376.36,East,Credit Card
1997,2025-02-03,Electronics,Smartwatch,3729.58,2,10,6713.24,East,Credit Card
1998,2025-04-25,Beauty,Sunscreen,640.44,3,0,1921.32,West,Credit Card
1999,2025-07-08,Home,Table Lamp,378.21,1,0,378.21,South,UPI
2000,2025-07-18,Home,Wall Clock,1123.07,1,20,898.46,Central,Credit Card
2001,2025-04-24,Home,Cushion Cover,1476.03,4,0,5904.12,Central,Net Banking
2002,2025-09-13,Electronics,Webcam,3483.27,1,10,3134.94,East,Credit Card
2003,2025-06-13,Fashion,Wallet,923.46,2,0,1846.92,North,Net Banking
2004,2025-05-30,Electronics,Bluetooth Speaker,3988.97,2,10,7180.15,South,Cash on Delivery
2005,2025-01-27,Beauty,Face Wash,885.86,1,20,708.69,South,Credit Card
2006,2025-07-20,Fashion,Sunglasses,1900.27,1,0,1900.27,South,UPI
2007,2025-04-10,Beauty,Hair Oil,718.29,1,10,646.46,East,Debit Card
2008,2025-08-23,Sports,Resistance Band,517.63,1,10,465.87,North,Debit Card
2009,2025-04-11,Sports,Dumbbell Set,1465.18,1,10,1318.66,South,Credit Card
2010,2025-08-07,Electronics,Bluetooth Speaker,3040.85,2,10,5473.53,South,Cash on Delivery
2011,2025-09-21,Fashion,T-Shirt,511.31,5,10,2300.9,North,UPI
2012,2025-05-04,Sports,Resistance Band,2916.75,2,0,5833.5,North,UPI
2013,2025-07-15,Home,Storage Box,1727.29,2,0,3454.58,North,Cash on Delivery
2014,2025-01-12,Beauty,Hair Oil,158.7,1,5,150.76,Central,Credit Card
2015,2025-09-05,Sports,Resistance Band,1002.74,2,20,1604.38,South,Cash on Delivery
2016,2025-07-27,Beauty,Hair Oil,578.57,1,15,491.78,Central,Credit Card
2017,2025-09-23,Electronics,Power Bank,2446.21,2,15,4158.56,West,UPI
2018,2025-04-03,Sports,Yoga Mat,2322.15,1,0,2322.15,North,Credit Card
2019,2025-05-12,Beauty,Hair Oil,242.28,1,15,205.94,South,UPI
2020,2025-08-05,Electronics,Headphones,3929.75,2,20,6287.6,Central,Credit Card
2021,2025-08-16,Electronics,Smartwatch,1552.1,4,0,6208.4,East,Net Banking
2022,2025-04-18,Beauty,Hair Oil,542.0,5,10,2439.0,Central,Net Banking
2023,2025-04-21,Electronics,Smartwatch,628.57,1,5,597.14,South,Credit Card
2024,2025-03-25,Home,Coffee Mug,1366.57,1,5,1298.24,East,Cash on Delivery
2025,2025-05-18,Electronics,Bluetooth Speaker,2867.84,4,20,9177.09,South,UPI
2026,2025-03-20,Fashion,Backpack,1540.01,2,0,3080.02,South,Cash on Delivery
2027,2025-02-26,Beauty,Sunscreen,169.43,2,10,304.97,North,Net Banking
2028,2025-04-26,Beauty,Face Wash,397.02,1,0,397.02,East,Credit Card
2029,2025-09-27,Electronics,Power Bank,3928.2,1,10,3535.38,North,Credit Card
2030,2025-05-19,Home,Storage Box,1514.15,1,10,1362.74,Central,Debit Card
2031,2025-07-26,Electronics,Smartwatch,1612.99,3,5,4597.02,Central,Net Banking
2032,2025-07-13,Fashion,Backpack,320.89,2,5,609.69,South,Credit Card
2033,2025-08-03,Home,Table Lamp,1669.51,2,10,3005.12,South,Net Banking
2034,2025-09-24,Fashion,Sunglasses,2469.74,3,20,5927.38,East,Cash on Delivery
2035,2025-02-10,Fashion,Backpack,1698.4,1,0,1698.4,East,UPI
2036,2025-01-06,Fashion,T-Shirt,663.25,1,20,530.6,Central,Cash on Delivery
2037,2025-07-27,Beauty,Perfume,849.33,1,0,849.33,Central,UPI
2038,2025-01-22,Fashion,T-Shirt,1871.15,2,10,3368.07,South,Net Banking
2039,2025-06-30,Fashion,Wallet,2288.36,1,20,1830.69,South,Net Banking
2040,2025-03-02,Beauty,Sunscreen,434.32,1,0,434.32,South,Net Banking
2041,2025-06-06,Beauty,Hair Oil,348.56,1,20,278.85,West,Credit Card
2042,2025-01-04,Sports,Yoga Mat,2822.39,4,10,10160.6,North,Debit Card
2043,2025-07-01,Home,Cushion Cover,766.23,1,0,766.23,South,Cash on Delivery
2044,2025-09-07,Beauty,Sunscreen,298.16,2,0,596.32,West,UPI
2045,2025-05-18,Home,Coffee Mug,953.12,1,0,953.12,South,Net Banking
2046,2025-02-26,Beauty,Sunscreen,271.38,1,0,271.38,East,Credit Card
2047,2025-09-03,Electronics,Smartwatch,1880.91,2,20,3009.46,South,Credit Card
2048,2025-07-24,Home,Table Lamp,873.75,2,5,1660.12,South,Debit Card
2049,2025-09-14,Beauty,Lip Balm,232.3,1,0,232.3,South,Debit Card
2050,2025-09-03,Fashion,T-Shirt,1792.28,1,0,1792.28,North,Cash on Delivery
2051,2025-05-08,Beauty,Face Wash,720.67,1,0,720.67,Central,Credit Card
2052,2025-02-22,Electronics,Bluetooth Speaker,3979.9,1,10,3581.91,South,Cash on Delivery
2053,2025-03-03,Sports,Cap,748.27,5,0,3741.35,South,Credit Card
2054,2025-02-16,Electronics,Bluetooth Speaker,3966.4,4,15,13485.76,Central,Credit Card
2055,2025-08-07,Beauty,Sunscreen,543.73,2,5,1033.09,South,Debit Card
2056,2025-08-03,Sports,Resistance Band,2020.65,1,0,2020.65,East,Debit Card
2057,2025-08-30,Electronics,Smartwatch,643.11,1,0,643.11,South,Debit Card
2058,2025-02-27,Sports,Yoga Mat,1435.0,1,0,1435.0,East,Debit Card
2059,2025-09-28,Electronics,Webcam,3196.62,1,10,2876.96,East,Net Banking
2060,2025-03-03,Fashion,Backpack,762.07,1,0,762.07,South,Net Banking
2061,2025-06-25,Fashion,Sneakers,1850.25,4,0,7401.0,Central,Net Banking
2062,2025-05-10,Beauty,Lip Balm,550.17,1,15,467.64,West,Net Banking
2063,2025-09-05,Sports,Water Bottle,2711.01,1,5,2575.46,West,UPI
2064,2025-02-01,Sports,Yoga Mat,709.07,1,10,638.16,East,UPI
2065,2025-08-13,Fashion,Sunglasses,1389.06,2,10,2500.31,North,Credit Card
2066,2025-03-23,Beauty,Perfume,734.53,1,5,697.8,South,UPI
2067,2025-06-05,Sports,Yoga Mat,2667.68,3,15,6802.58,Central,Debit Card
2068,2025-01-21,Home,Cushion Cover,1083.44,1,10,975.1,South,Debit Card
2069,2025-03-01,Home,Coffee Mug,632.7,3,0,1898.1,South,Credit Card
2070,2025-03-10,Home,Storage Box,1755.55,1,5,1667.77,Central,Debit Card
2071,2025-05-24,Sports,Water Bottle,1142.75,1,0,1142.75,East,Credit Card
2072,2025-07-15,Electronics,Webcam,2800.61,3,20,6721.46,Central,UPI
2073,2025-07-22,Home,Storage Box,1081.4,3,0,3244.2,East,Credit Card
2074,2025-04-05,Fashion,Sunglasses,1111.01,4,15,3777.43,South,Cash on Delivery
2075,2025-06-08,Fashion,Sneakers,1553.25,4,0,6213.0,East,UPI
2076,2025-08-21,Fashion,Sunglasses,1812.21,1,15,1540.38,West,Credit Card
2077,2025-02-21,Beauty,Face Wash,693.23,1,0,693.23,North,Net Banking
2078,2025-05-08,Electronics,Headphones,3392.97,3,10,9161.02,North,Credit Card
2079,2025-06-23,Home,Coffee Mug,1701.76,2,15,2892.99,North,UPI
2080,2025-06-19,Electronics,Smartwatch,987.31,3,5,2813.83,South,Debit Card
2081,2025-02-22,Fashion,T-Shirt,1495.76,1,5,1420.97,North,UPI
2082,2025-01-13,Electronics,Webcam,3602.6,1,0,3602.6,,Credit Card
2083,2025-09-09,Beauty,Lip Balm,414.98,1,0,414.98,West,UPI
2084,2025-03-02,Electronics,Smartwatch,856.08,5,0,4280.4,Central,Debit Card
2085,2025-08-06,Electronics,Headphones,2615.77,1,0,2615.77,Central,Credit Card
2086,2025-05-16,Home,Storage Box,1508.1,1,15,1281.88,West,Debit Card
2087,2025-03-17,Electronics,Headphones,3516.0,5,0,17580.0,South,Debit Card
2088,2025-06-15,Beauty,Face Wash,234.87,1,20,187.9,South,UPI
2089,2025-06-20,Fashion,Sunglasses,1075.74,1,0,1075.74,West,Net Banking
2090,2025-04-28,Fashion,Sunglasses,1221.05,1,0,1221.05,Central,Net Banking
2091,2025-05-01,Sports,Resistance Band,1699.1,3,0,5097.3,South,UPI
2092,2025-06-28,Fashion,T-Shirt,1097.28,1,0,1097.28,North,UPI
2093,2025-04-18,Fashion,Backpack,1312.85,3,15,3347.77,West,Credit Card
2094,2025-07-10,Electronics,Smartwatch,910.33,2,0,1820.66,North,Cash on Delivery
2095,2025-07-07,Electronics,Webcam,758.2,3,0,2274.6,North,Credit Card
2096,2025-03-13,Fashion,T-Shirt,327.45,3,10,884.11,South,Cash on Delivery
2097,2025-02-26,Home,Wall Clock,858.44,1,0,858.44,North,Debit Card
2098,2025-08-21,Electronics,Webcam,3128.97,2,5,5945.04,,Cash on Delivery
2099,2025-02-17,Home,Storage Box,1003.0,2,5,1905.7,South,Debit Card
2100,2025-02-09,Fashion,Sneakers,1180.89,1,15,1003.76,Central,Net Banking
2101,2025-07-10,Beauty,Sunscreen,384.89,2,10,692.8,South,UPI
2102,2025-05-03,Fashion,Backpack,538.48,1,0,538.48,East,UPI
2103,2025-04-14,Sports,Yoga Mat,429.63,2,10,773.33,East,Credit Card
2104,2025-01-24,Electronics,Smartwatch,1442.09,5,0,7210.45,Central,Cash on Delivery
2105,2025-04-10,Electronics,Bluetooth Speaker,529.68,1,0,529.68,West,Net Banking
2106,2025-02-21,Beauty,Hair Oil,880.39,2,5,1672.74,West,Net Banking
2107,2025-03-24,Fashion,T-Shirt,1591.79,1,0,1591.79,North,Debit Card
2108,2025-03-24,Beauty,Face Wash,813.9,1,20,651.12,South,Credit Card
2109,2025-03-09,Sports,Cap,2978.77,2,0,5957.54,East,Cash on Delivery
2110,2025-04-17,Home,Storage Box,1569.52,1,20,1255.62,West,Credit Card
2111,2025-03-15,Sports,Yoga Mat,2884.54,2,10,5192.17,North,UPI
2112,2025-08-21,Home,Storage Box,1588.05,3,0,4764.15,West,UPI
2113,2025-08-24,Home,Coffee Mug,309.06,2,0,618.12,North,Credit Card
2114,2025-09-07,Beauty,Hair Oil,722.36,1,0,722.36,North,Net Banking
2115,2025-09-20,Home,Wall Clock,854.45,2,15,1452.57,West,Debit Card
2116,2025-01-30,Home,Cushion Cover,333.58,1,10,300.22,North,Net Banking
2117,2025-07-24,Fashion,Wallet,317.47,3,15,809.55,South,Net Banking
2118,2025-08-27,Fashion,Sunglasses,2223.15,2,0,4446.3,West,Net Banking
2119,2025-06-18,Fashion,T-Shirt,2318.41,4,0,9273.64,South,Cash on Delivery
2120,2025-01-20,Home,Storage Box,978.07,2,5,1858.33,East,Cash on Delivery
2121,2025-02-01,Beauty,Lip Balm,630.16,1,20,504.13,Central,Cash on Delivery
2122,2025-05-19,Home,Wall Clock,1765.7,1,0,1765.7,North,Cash on Delivery
2123,2025-09-26,Fashion,T-Shirt,611.82,1,0,611.82,West,Cash on Delivery
2124,2025-03-26,Home,Coffee Mug,1528.88,1,0,1528.88,East,Debit Card
2125,2025-07-19,Beauty,Sunscreen,506.62,2,15,861.25,West,Debit Card
2126,2025-06-12,Sports,Cap,796.04,2,0,1592.08,South,Debit Card
2127,2025-09-24,Beauty,Lip Balm,524.58,1,10,472.12,West,Debit Card
2128,2025-04-07,Beauty,Lip Balm,625.72,2,5,1188.87,North,Credit Card
2129,2025-01-08,Sports,Dumbbell Set,1902.59,1,0,1902.59,South,Net Banking
2130,2025-08-22,Home,Table Lamp,683.11,1,5,648.95,North,Cash on Delivery
2131,2025-04-01,Home,Cushion Cover,1525.1,1,5,1448.84,East,UPI
2132,2025-05-26,Home,Coffee Mug,1084.41,1,10,975.97,East,Cash on Delivery
2133,2025-02-23,Electronics,Headphones,3320.79,1,5,3154.75,Central,Cash on Delivery
2134,2025-08-04,Sports,Cap,524.18,1,0,524.18,North,Debit Card
2135,2025-08-26,Beauty,Perfume,435.81,1,5,414.02,North,Debit Card
2136,2025-06-07,Beauty,Face Wash,854.71,3,15,2179.51,East,Debit Card
2137,2025-07-11,Beauty,Lip Balm,153.12,4,15,520.61,North,Credit Card
2138,2025-07-20,Sports,Cap,1123.05,1,0,1123.05,West,Credit Card
2139,2025-07-26,Beauty,Face Wash,751.0,2,15,1276.7,West,Credit Card
2140,2025-07-20,Sports,Dumbbell Set,1452.85,1,15,1234.92,Central,UPI
2141,2025-01-06,Home,Storage Box,454.49,1,10,409.04,North,Cash on Delivery
2142,2025-07-15,Sports,Dumbbell Set,326.5,2,0,653.0,North,Net Banking
2143,2025-04-10,Fashion,Sunglasses,1695.82,3,5,4833.09,South,Debit Card
2144,2025-02-22,Fashion,Sunglasses,1994.86,2,0,3989.72,South,UPI
2145,2025-09-11,Sports,Yoga Mat,544.46,1,15,462.79,North,UPI
2146,2025-04-18,Fashion,Sunglasses,521.48,3,10,1408.0,West,UPI
2147,2025-04-02,Beauty,Hair Oil,625.16,1,10,562.64,East,UPI
2148,2025-01-03,Sports,Yoga Mat,572.32,1,0,572.32,Central,Net Banking
2149,2025-04-21,Home,Table Lamp,508.55,1,15,432.27,Central,Credit Card
2150,2025-05-21,Electronics,Smartwatch,603.24,1,5,573.08,South,Debit Card
2151,2025-09-20,Electronics,Bluetooth Speaker,2978.29,2,20,4765.26,West,Cash on Delivery
2152,2025-02-22,Fashion,Backpack,680.51,2,5,1292.97,East,Cash on Delivery
2153,2025-08-05,Sports,Water Bottle,705.55,1,5,670.27,West,Cash on Delivery
2154,2025-07-11,Home,Cushion Cover,1196.66,2,15,2034.32,Central,Debit Card
2155,2025-05-31,Electronics,Power Bank,1085.37,1,10,976.83,Central,Cash on Delivery
2156,2025-07-03,Sports,Water Bottle,1345.34,1,0,1345.34,West,Credit Card
2157,2025-06-18,Fashion,Backpack,1118.32,3,0,3354.96,East,UPI
2158,2025-09-27,Sports,Water Bottle,2721.55,2,0,5443.1,Central,Credit Card
2159,2025-08-04,Sports,Water Bottle,2219.73,4,10,7991.03,North,Net Banking
2160,2025-01-24,Beauty,Hair Oil,760.05,1,20,608.04,West,Cash on Delivery
2161,2025-01-11,Beauty,Face Wash,243.07,1,0,243.07,West,Credit Card
2162,2025-09-28,Sports,Yoga Mat,2757.02,1,0,2757.02,West,UPI
2163,2025-06-12,Electronics,Headphones,2144.63,3,10,5790.5,East,Debit Card
2164,2025-08-21,Beauty,Face Wash,567.34,1,5,538.97,West,Debit Card
2165,2025-02-23,Electronics,Bluetooth Speaker,3781.96,1,20,3025.57,North,Credit Card
2166,2025-01-03,Beauty,Lip Balm,277.64,1,20,222.11,East,Net Banking
2167,2025-05-16,Electronics,Bluetooth Speaker,3591.62,1,0,3591.62,East,UPI
2168,2025-03-06,Sports,Resistance Band,992.26,1,0,992.26,West,UPI
2169,2025-09-25,Fashion,Wallet,2253.16,5,5,10702.51,West,UPI
2170,2025-02-17,Sports,Resistance Band,2068.49,5,0,10342.45,West,Credit Card
2171,2025-02-08,Home,Table Lamp,764.82,3,20,1835.57,South,UPI
2172,2025-02-23,Electronics,Smartwatch,545.95,1,0,545.95,South,Cash on Delivery
2173,2025-09-16,Sports,Cap,1663.3,1,0,1663.3,West,Credit Card
2174,2025-04-14,Fashion,Sneakers,2316.73,1,10,2085.06,Central,Net Banking
2175,2025-03-17,Fashion,T-Shirt,911.24,1,5,865.68,Central,UPI
2176,2025-08-20,Electronics,Headphones,1341.97,4,0,5367.88,North,Cash on Delivery
2177,2025-09-18,Electronics,Webcam,794.23,1,0,794.23,Central,Cash on Delivery
2178,2025-05-31,Beauty,Hair Oil,427.34,1,0,427.34,West,Credit Card
2179,2025-05-08,Fashion,Wallet,907.04,2,20,1451.26,North,UPI
2180,2025-02-21,Fashion,T-Shirt,416.9,1,0,416.9,North,Net Banking
2181,2025-04-16,Sports,Resistance Band,1327.75,1,0,1327.75,East,Cash on Delivery
2182,2025-04-05,Fashion,Backpack,1701.18,2,5,3232.24,North,UPI
2183,2025-02-05,Sports,Resistance Band,2282.5,3,0,6847.5,South,Debit Card
2184,2025-04-01,Home,Wall Clock,426.93,1,20,341.54,East,UPI
2185,2025-01-01,Electronics,Smartwatch,2877.21,3,5,8200.05,West,Net Banking
2186,2025-09-26,Fashion,Sunglasses,540.65,3,5,1540.85,East,Credit Card
2187,2025-05-12,Fashion,T-Shirt,519.98,3,10,1403.95,West,Debit Card
2188,2025-09-05,Home,Cushion Cover,934.0,3,0,2802.0,East,Net Banking
2189,2025-09-12,Sports,Yoga Mat,656.73,1,0,656.73,South,Debit Card
2190,2025-05-21,Sports,Resistance Band,1238.4,2,15,2105.28,West,UPI
2191,2025-07-20,Sports,Resistance Band,2965.16,4,5,11267.61,East,Debit Card
2192,2025-08-10,Home,Cushion Cover,504.92,2,10,908.86,Central,UPI
2193,2025-03-18,Sports,Water Bottle,1043.12,5,5,4954.82,South,Cash on Delivery
2194,2025-01-08,Home,Storage Box,1093.03,1,5,1038.38,North,Debit Card
2195,2025-06-30,Fashion,Backpack,2116.04,1,10,1904.44,North,Cash on Delivery
2196,2025-03-21,Electronics,Headphones,1380.02,1,20,1104.02,Central,Net Banking
2197,2025-04-23,Home,Coffee Mug,1793.46,1,0,1793.46,North,Debit Card
2198,2025-06-04,Home,Coffee Mug,1498.73,2,5,2847.59,North,Debit Card
2199,2025-05-09,Fashion,Wallet,1258.8,4,0,5035.2,South,Credit Card
2200,2025-04-04,Sports,Dumbbell Set,1077.92,1,0,1077.92,West,Net Banking
2201,2025-07-01,Beauty,Face Wash,253.96,1,5,241.26,East,Cash on Delivery
2202,2025-03-13,Beauty,Sunscreen,495.96,4,10,1785.46,West,UPI
2203,2025-01-28,Home,Coffee Mug,1128.52,1,10,1015.67,Central,Debit Card
2204,2025-01-28,Beauty,Lip Balm,452.21,1,0,452.21,Central,Cash on Delivery
2205,2025-02-01,Home,Table Lamp,733.57,1,0,733.57,West,Debit Card
2206,2025-09-11,Sports,Cap,2283.25,1,0,2283.25,South,Net Banking
2207,2025-04-13,Fashion,Backpack,1682.13,2,0,3364.26,West,Net Banking
2208,2025-08-31,Electronics,Smartwatch,2613.27,1,0,2613.27,South,UPI
2209,2025-05-01,Sports,Resistance Band,1324.46,4,15,4503.16,West,Credit Card
2210,2025-08-10,Sports,Water Bottle,2509.64,2,0,5019.28,Central,UPI
2211,2025-04-13,Electronics,Smartwatch,995.9,2,5,1892.21,Central,Net Banking
2212,2025-07-17,Home,Cushion Cover,1268.06,5,10,5706.27,East,Cash on Delivery
2213,2025-07-19,Electronics,Power Bank,1959.14,1,0,1959.14,West,UPI
2214,2025-03-13,Home,Table Lamp,1232.17,4,5,4682.25,North,Debit Card
2215,2025-06-28,Beauty,Hair Oil,156.84,1,15,133.31,Central,Credit Card
2216,2025-08-24,Sports,Resistance Band,1660.87,1,10,1494.78,Central,Debit Card
2217,2025-07-12,Fashion,Backpack,2026.91,2,20,3243.06,North,Cash on Delivery
2218,2025-03-08,Sports,Dumbbell Set,1834.11,4,10,6602.8,Central,Debit Card
2219,2025-03-23,Sports,Cap,1207.26,2,0,2414.52,North,UPI
2220,2025-03-31,Electronics,Power Bank,3769.82,1,10,3392.84,South,UPI
2221,2025-08-15,Beauty,Sunscreen,841.78,1,10,757.6,North,UPI
2222,2025-04-13,Sports,Yoga Mat,2789.76,1,0,2789.76,West,Credit Card
2223,2025-04-09,Beauty,Sunscreen,659.14,1,0,659.14,West,Net Banking
2224,2025-02-06,Electronics,Headphones,1212.39,3,0,3637.17,East,Cash on Delivery
2225,2025-07-02,Sports,Resistance Band,772.88,1,10,695.59,Central,Debit Card
2226,2025-02-10,Sports,Dumbbell Set,2454.39,1,0,2454.39,North,Net Banking
2227,2025-01-12,Sports,Water Bottle,527.51,1,0,527.51,Central,Debit Card
2228,2025-02-08,Home,Cushion Cover,824.68,1,5,783.45,South,Debit Card
2229,2025-02-26,Fashion,Wallet,2349.98,2,5,4464.96,North,Net Banking
2230,2025-04-15,Home,Table Lamp,251.64,1,5,239.06,North,Credit Card
2231,2025-06-27,Home,Table Lamp,576.99,1,20,461.59,Central,UPI
2232,2025-05-19,Beauty,Perfume,704.47,4,10,2536.09,West,Credit Card
2233,2025-04-27,Electronics,Headphones,2238.09,1,0,2238.09,West,Debit Card
2234,2025-09-04,Electronics,Headphones,3207.65,3,0,9622.95,West,UPI
2235,2025-07-08,Beauty,Lip Balm,472.29,1,0,472.29,West,UPI
2236,2025-07-31,Home,Wall Clock,1668.91,1,10,1502.02,North,Credit Card
2237,2025-02-09,Sports,Cap,375.89,3,0,1127.67,South,UPI
2238,2025-03-08,Beauty,Lip Balm,361.95,1,10,325.75,South,Debit Card
2239,2025-07-02,Beauty,Face Wash,642.44,1,15,546.07,South,Cash on Delivery
2240,2025-09-27,Fashion,Sunglasses,1868.89,4,15,6354.23,East,Credit Card
2241,2025-05-24,Home,Storage Box,1005.51,1,0,1005.51,Central,Cash on Delivery
2242,2025-01-19,Fashion,Wallet,807.18,2,20,1291.49,East,Credit Card
2243,2025-07-16,Beauty,Sunscreen,864.78,1,0,864.78,East,Debit Card
2244,2025-08-16,Electronics,Headphones,1476.82,2,0,2953.64,West,Cash on Delivery
2245,2025-06-28,Fashion,Sunglasses,705.74,1,20,564.59,East,UPI
2246,2025-01-15,Sports,Water Bottle,2787.42,4,0,11149.68,Central,Credit Card
2247,2025-07-18,Sports,Resistance Band,2630.79,3,20,6313.9,North,UPI
2248,2025-03-25,Home,Storage Box,941.6,2,20,1506.56,Central,Debit Card
2249,2025-05-08,Beauty,Lip Balm,248.9,1,10,224.01,East,UPI
2250,2025-01-07,Home,Cushion Cover,1113.73,1,0,1113.73,East,Debit Card
2251,2025-01-05,Sports,Water Bottle,2549.0,3,5,7264.65,North,Cash on Delivery
2252,2025-05-22,Home,Wall Clock,1220.39,2,15,2074.66,Central,UPI
2253,2025-09-11,Sports,Water Bottle,2871.56,1,0,2871.56,East,Debit Card
2254,2025-09-17,Fashion,Sneakers,2216.73,2,15,3768.44,North,Credit Card
2255,2025-01-09,Sports,Water Bottle,365.38,2,10,657.68,East,Debit Card
2256,2025-08-16,Home,Storage Box,1349.31,2,0,2698.62,North,Net Banking
2257,2025-08-07,Electronics,Smartwatch,1214.15,2,15,2064.06,West,UPI
2258,2025-08-29,Fashion,T-Shirt,1018.39,3,20,2444.14,West,Debit Card
2259,2025-01-14,Home,Storage Box,249.85,1,0,249.85,South,Net Banking
2260,2025-04-21,Fashion,Backpack,1423.75,3,0,4271.25,Central,Debit Card
2261,2025-04-25,Sports,Yoga Mat,2056.91,1,5,1954.06,North,UPI
2262,2025-08-30,Sports,Cap,2268.37,2,10,4083.07,Central,UPI
2263,2025-05-05,Sports,Resistance Band,1121.58,1,10,1009.42,South,Debit Card
2264,2025-07-29,Home,Coffee Mug,929.31,2,0,1858.62,South,Cash on Delivery
2265,2025-08-18,Home,Storage Box,1009.03,4,10,3632.51,Central,Credit Card
2266,2025-03-12,Fashion,Wallet,2121.21,5,10,9545.44,South,Cash on Delivery
2267,2025-09-11,Home,Cushion Cover,702.15,1,10,631.93,South,Net Banking
2268,2025-08-29,Fashion,Sneakers,2228.09,1,10,2005.28,East,Net Banking
2269,2025-09-21,Fashion,T-Shirt,2134.49,1,15,1814.32,North,Credit Card
2270,2025-06-22,Beauty,Sunscreen,415.78,1,15,353.41,East,UPI
2271,2025-08-18,Home,Storage Box,1174.01,1,15,997.91,North,Debit Card
2272,2025-09-18,Beauty,Sunscreen,366.97,1,0,366.97,South,Net Banking
2273,2025-04-01,Electronics,Webcam,2575.67,2,5,4893.77,East,Cash on Delivery
2274,2025-09-23,Sports,Water Bottle,2848.11,1,15,2420.89,East,UPI
2275,2025-03-15,Sports,Cap,2571.18,1,0,2571.18,East,Credit Card
2276,2025-05-26,Fashion,Sunglasses,1442.1,2,0,2884.2,North,Debit Card
2277,2025-02-24,Home,Cushion Cover,978.62,1,20,782.9,East,Net Banking
2278,2025-01-21,Home,Coffee Mug,353.56,2,20,565.7,South,UPI
2279,2025-04-15,Sports,Cap,2447.23,1,0,2447.23,North,Debit Card
2280,2025-03-03,Sports,Resistance Band,2263.25,2,5,4300.18,East,UPI
2281,2025-02-10,Beauty,Sunscreen,347.29,3,10,937.68,North,Debit Card
2282,2025-06-11,Fashion,T-Shirt,1019.65,2,15,1733.4,Central,UPI
2283,2025-01-19,Electronics,Power Bank,851.54,2,20,1362.46,South,Net Banking
2284,2025-08-29,Electronics,Smartwatch,979.06,1,0,979.06,South,Debit Card
2285,2025-01-02,Fashion,Sunglasses,921.72,1,5,875.63,Central,Credit Card
2286,2025-07-14,Beauty,Perfume,608.41,2,10,1095.14,East,Net Banking
2287,2025-05-30,Fashion,Backpack,1365.31,2,10,2457.56,East,Credit Card
2288,2025-05-28,Beauty,Sunscreen,598.38,2,5,1136.92,South,UPI
2289,2025-06-27,Beauty,Hair Oil,335.55,1,10,302.0,East,UPI
2290,2025-05-29,Fashion,Sunglasses,2148.27,3,0,6444.81,South,UPI
2291,2025-07-20,Fashion,Sunglasses,433.77,3,15,1106.11,East,Cash on Delivery
2292,2025-01-24,Beauty,Sunscreen,345.52,1,0,345.52,South,Debit Card
2293,2025-06-18,Beauty,Lip Balm,579.38,1,0,579.38,North,Net Banking
2294,2025-02-02,Sports,Yoga Mat,2863.27,1,10,2576.94,East,Debit Card
2295,2025-04-28,Sports,Dumbbell Set,1245.77,1,0,1245.77,Central,Cash on Delivery
2296,2025-01-11,Fashion,Backpack,1029.3,1,10,926.37,North,UPI
2297,2025-01-13,Sports,Yoga Mat,1629.12,3,0,4887.36,East,Debit Card
2298,2025-05-19,Fashion,T-Shirt,899.41,1,15,764.5,West,Credit Card
2299,2025-03-19,Electronics,Headphones,2265.78,2,0,4531.56,North,UPI
2300,2025-09-20,Sports,Resistance Band,784.28,2,10,1411.7,East,Cash on Delivery
2301,2025-07-12,Home,Cushion Cover,934.25,1,0,934.25,Central,Cash on Delivery
2302,2025-05-06,Electronics,Smartwatch,3884.1,2,0,7768.2,Central,Net Banking
2303,2025-01-13,Beauty,Sunscreen,863.59,3,0,2590.77,West,Credit Card
2304,2025-02-12,Fashion,Sunglasses,1113.61,2,0,2227.22,East,Credit Card
2305,2025-08-31,Fashion,Sneakers,2202.62,1,5,2092.49,South,Cash on Delivery
2306,2025-01-19,Sports,Dumbbell Set,412.07,1,0,412.07,East,Credit Card
2307,2025-09-13,Sports,Cap,1367.97,1,0,1367.97,Central,Cash on Delivery
2308,2025-08-06,Fashion,Backpack,1315.02,1,10,1183.52,North,UPI
2309,2025-08-13,Beauty,Lip Balm,717.67,1,15,610.02,South,Credit Card
2310,2025-03-13,Electronics,Headphones,3599.26,1,10,3239.33,Central,Cash on Delivery
2311,2025-09-25,Sports,Resistance Band,1348.37,1,0,1348.37,East,Debit Card
2312,2025-07-10,Home,Storage Box,1240.35,1,5,1178.33,South,Net Banking
2313,2025-09-26,Home,Wall Clock,940.61,4,10,3386.2,South,Credit Card
2314,2025-04-07,Beauty,Face Wash,388.27,1,0,388.27,North,Debit Card
2315,2025-02-04,Electronics,Webcam,2105.08,1,0,2105.08,Central,Credit Card
2316,2025-06-06,Sports,Dumbbell Set,1198.63,1,0,1198.63,East,Cash on Delivery
2317,2025-02-22,Beauty,Hair Oil,570.83,2,10,1027.49,Central,Credit Card
2318,2025-06-19,Home,Coffee Mug,620.7,1,5,589.66,Central,Cash on Delivery
2319,2025-03-28,Sports,Cap,1012.4,3,0,3037.2,West,Credit Card
2320,2025-01-01,Fashion,Sneakers,500.94,3,0,1502.82,South,Cash on Delivery
2321,2025-09-14,Electronics,Smartwatch,2290.97,1,10,2061.87,East,Debit Card
2322,2025-09-25,Fashion,Wallet,1165.14,3,0,3495.42,East,Debit Card
2323,2025-08-12,Electronics,Webcam,3447.67,5,5,16376.43,East,Credit Card
2324,2025-01-13,Beauty,Hair Oil,664.03,2,15,1128.85,East,Credit Card
2325,2025-07-11,Beauty,Hair Oil,696.37,1,0,696.37,South,Cash on Delivery
2326,2025-06-18,Electronics,Smartwatch,2047.28,2,0,4094.56,,Debit Card
2327,2025-07-23,Home,Cushion Cover,1004.47,1,0,1004.47,East,Cash on Delivery
2328,2025-08-21,Home,Cushion Cover,1200.43,5,5,5702.04,West,Net Banking
2329,2025-03-09,Beauty,Perfume,755.57,1,0,755.57,South,Credit Card
2330,2025-04-10,Electronics,Headphones,2051.82,2,10,3693.28,Central,Debit Card
2331,2025-07-07,Electronics,Bluetooth Speaker,3430.46,3,5,9776.81,South,Net Banking
2332,2025-05-17,Beauty,Sunscreen,778.29,2,0,1556.58,Central,Credit Card
2333,2025-06-09,Beauty,Face Wash,356.64,1,0,356.64,South,UPI
2334,2025-02-15,Home,Table Lamp,746.32,2,0,1492.64,Central,Cash on Delivery
2335,2025-01-06,Electronics,Smartwatch,3053.43,1,0,3053.43,North,Credit Card
2336,2025-06-08,Home,Wall Clock,330.04,2,0,660.08,South,Credit Card
2337,2025-04-13,Home,Coffee Mug,646.34,2,0,1292.68,South,Debit Card
2338,2025-06-28,Home,Cushion Cover,1316.09,1,10,1184.48,Central,Debit Card
2339,2025-03-21,Sports,Resistance Band,2531.13,2,5,4809.15,Central,Cash on Delivery
2340,2025-09-15,Fashion,Sunglasses,1063.23,3,5,3030.21,South,Debit Card
2341,2025-03-01,Home,Table Lamp,1021.24,1,5,970.18,East,UPI
2342,2025-01-18,Fashion,Sunglasses,607.59,2,0,1215.18,West,Net Banking
2343,2025-02-21,Electronics,Bluetooth Speaker,3542.65,1,0,3542.65,East,Debit Card
2344,2025-08-22,Home,Cushion Cover,460.39,2,5,874.74,West,Net Banking
2345,2025-09-05,Beauty,Sunscreen,505.18,1,10,454.66,Central,Debit Card
2346,2025-08-04,Home,Table Lamp,1753.23,4,5,6662.27,Central,UPI
2347,2025-09-26,Home,Storage Box,841.2,1,0,841.2,East,Net Banking
2348,2025-03-14,Sports,Dumbbell Set,607.2,1,15,516.12,North,Debit Card
2349,2025-06-07,Beauty,Sunscreen,274.01,1,0,274.01,South,Debit Card
2350,2025-01-03,Fashion,Sneakers,1260.41,2,5,2394.78,Central,Debit Card
2351,2025-08-26,Home,Table Lamp,953.28,2,10,1715.9,West,Cash on Delivery
2352,2025-08-06,Electronics,Power Bank,949.76,3,5,2706.82,East,Debit Card
2353,2025-04-02,Sports,Yoga Mat,1203.88,2,10,2166.98,North,Credit Card
2354,2025-04-28,Home,Cushion Cover,743.76,3,0,2231.28,West,UPI
2355,2025-03-19,Fashion,T-Shirt,764.71,1,0,764.71,South,Cash on Delivery
2356,2025-09-22,Beauty,Sunscreen,176.12,5,15,748.51,South,Cash on Delivery
2357,2025-03-24,Beauty,Face Wash,409.72,2,0,819.44,West,UPI
2358,2025-01-28,Sports,Cap,1305.97,1,0,1305.97,West,Cash on Delivery
2359,2025-06-21,Home,Table Lamp,1165.82,3,15,2972.84,East,Cash on Delivery
2360,2025-03-18,Home,Table Lamp,1456.79,5,0,7283.95,West,UPI
2361,2025-01-25,Sports,Water Bottle,793.44,3,5,2261.3,West,Cash on Delivery
2362,2025-05-10,Electronics,Headphones,3537.64,1,5,3360.76,Central,Debit Card
2363,2025-06-16,Home,Table Lamp,1068.4,1,0,1068.4,North,Cash on Delivery
2364,2025-03-31,Electronics,Webcam,890.89,2,0,1781.78,West,Credit Card
2365,2025-08-23,Electronics,Smartwatch,3043.76,2,10,5478.77,East,Debit Card
2366,2025-02-21,Fashion,Wallet,1551.95,1,0,1551.95,North,Credit Card
2367,2025-05-12,Electronics,Bluetooth Speaker,3746.04,2,10,6742.87,North,Credit Card
2368,2025-09-21,Electronics,Power Bank,3878.06,3,5,11052.47,East,Net Banking
2369,2025-04-06,Fashion,T-Shirt,1123.32,1,0,1123.32,West,Debit Card
2370,2025-04-17,Electronics,Webcam,1895.35,1,0,1895.35,North,Cash on Delivery
2371,2025-04-24,Beauty,Lip Balm,356.08,1,0,356.08,East,UPI
2372,2025-08-04,Home,Coffee Mug,301.96,1,10,271.76,West,Net Banking
2373,2025-06-13,Home,Storage Box,822.46,4,0,3289.84,,Debit Card
2374,2025-05-11,Beauty,Lip Balm,496.46,2,5,943.27,South,Cash on Delivery
2375,2025-07-09,Sports,Yoga Mat,1986.31,2,0,3972.62,South,Net Banking
2376,2025-06-30,Home,Wall Clock,1279.2,1,5,1215.24,South,Net Banking
2377,2025-03-09,Beauty,Face Wash,713.54,1,0,713.54,South,Cash on Delivery
2378,2025-03-23,Electronics,Headphones,1885.12,1,10,1696.61,East,Credit Card
2379,2025-06-13,Beauty,Perfume,456.39,3,10,1232.25,Central,Debit Card
2380,2025-08-26,Electronics,Bluetooth Speaker,2258.07,2,0,4516.14,West,Cash on Delivery
2381,2025-08-26,Beauty,Lip Balm,842.93,1,10,758.64,Central,Debit Card
2382,2025-04-25,Electronics,Power Bank,2530.55,1,0,2530.55,South,UPI
2383,2025-05-08,Sports,Cap,2997.0,2,0,5994.0,North,Debit Card
2384,2025-09-19,Beauty,Face Wash,863.88,1,15,734.3,West,Net Banking
2385,2025-03-09,Fashion,Sunglasses,1111.94,4,0,4447.76,South,Debit Card
2386,2025-04-01,Electronics,Smartwatch,2521.61,1,20,2017.29,West,Credit Card
2387,2025-08-25,Sports,Yoga Mat,2460.14,3,10,6642.38,South,Credit Card
2388,2025-07-17,Electronics,Headphones,3120.13,2,0,6240.26,Central,Cash on Delivery
2389,2025-01-13,Beauty,Hair Oil,812.52,2,5,1543.79,Central,Net Banking
2390,2025-07-24,Electronics,Bluetooth Speaker,3340.82,3,10,9020.21,North,Debit Card
2391,2025-02-27,Sports,Resistance Band,1428.62,1,10,1285.76,East,Net Banking
2392,2025-05-16,Home,Wall Clock,1250.46,1,0,1250.46,West,Credit Card
2393,2025-06-01,Electronics,Power Bank,3647.18,1,10,3282.46,East,Debit Card
2394,2025-09-25,Home,Wall Clock,1319.3,2,0,2638.6,South,Credit Card
2395,2025-06-06,Fashion,Backpack,1539.79,2,5,2925.6,South,Net Banking
2396,2025-07-16,Beauty,Hair Oil,265.83,3,0,797.49,Central,Debit Card
2397,2025-07-06,Fashion,T-Shirt,2172.02,2,10,3909.64,North,Debit Card
2398,2025-09-14,Sports,Resistance Band,1561.68,4,0,6246.72,South,Net Banking
2399,2025-03-31,Home,Wall Clock,1584.65,1,5,1505.42,Central,Cash on Delivery
2400,2025-03-18,Beauty,Face Wash,651.56,1,0,651.56,South,Credit Card
2401,2025-04-27,Electronics,Smartwatch,1747.76,1,10,1572.98,North,Net Banking
2402,2025-02-10,Home,Table Lamp,837.59,1,20,670.07,North,Debit Card
2403,2025-04-27,Electronics,Power Bank,2483.46,1,10,2235.11,South,Credit Card
2404,2025-02-02,Beauty,Lip Balm,180.17,2,15,306.29,North,Credit Card
2405,2025-08-26,Fashion,Wallet,966.07,1,0,966.07,Central,Cash on Delivery
2406,2025-09-01,Electronics,Bluetooth Speaker,3265.06,1,0,3265.06,West,UPI
2407,2025-02-27,Sports,Cap,841.23,1,10,757.11,Central,Cash on Delivery
2408,2025-07-28,Beauty,Lip Balm,591.7,2,10,1065.06,North,Debit Card
2409,2025-05-08,Beauty,Lip Balm,396.48,1,0,396.48,East,Debit Card
2410,2025-01-04,Sports,Cap,1099.21,1,0,1099.21,South,Cash on Delivery
2411,2025-08-15,Sports,Resistance Band,1613.42,1,0,1613.42,East,UPI
2412,2025-06-06,Sports,Dumbbell Set,782.39,1,0,782.39,East,Net Banking
2413,2025-06-15,Sports,Resistance Band,533.02,1,0,533.02,Central,Credit Card
2414,2025-08-02,Beauty,Lip Balm,789.27,2,10,1420.69,Central,Cash on Delivery
2415,2025-03-16,Home,Coffee Mug,1692.55,1,0,1692.55,East,Debit Card
2416,2025-07-26,Home,Cushion Cover,919.53,1,0,919.53,West,UPI
2417,2025-04-14,Beauty,Hair Oil,634.34,1,0,634.34,East,UPI
2418,2025-04-13,Home,Cushion Cover,1532.08,1,10,1378.87,West,Debit Card
2419,2025-09-03,Sports,Cap,1460.28,1,20,1168.22,South,Debit Card
2420,2025-05-08,Sports,Resistance Band,2868.12,4,0,11472.48,West,Cash on Delivery
2421,2025-07-09,Sports,Cap,1281.3,1,5,1217.23,East,Net Banking
2422,2025-03-19,Home,Table Lamp,954.95,4,5,3628.81,West,Credit Card
2423,2025-05-30,Sports,Dumbbell Set,1795.05,1,10,1615.55,Central,Debit Card
2424,2025-04-20,Fashion,T-Shirt,2215.6,2,0,4431.2,East,Cash on Delivery
2425,2025-01-12,Beauty,Lip Balm,495.6,1,0,495.6,East,Debit Card
2426,2025-09-20,Beauty,Sunscreen,447.23,1,0,447.23,Central,UPI
2427,2025-09-09,Sports,Resistance Band,2988.05,5,0,14940.25,East,Net Banking
2428,2025-03-23,Home,Table Lamp,1375.09,2,10,2475.16,North,Net Banking
2429,2025-05-22,Electronics,Webcam,3728.74,2,5,7084.61,North,Cash on Delivery
2430,2025-01-11,Fashion,Backpack,460.66,2,5,875.25,Central,Cash on Delivery
2431,2025-08-07,Home,Table Lamp,1197.9,1,0,1197.9,,Debit Card
2432,2025-07-01,Fashion,Wallet,1783.98,1,15,1516.38,South,Net Banking
2433,2025-01-21,Sports,Dumbbell Set,769.33,1,10,692.4,North,UPI
2434,2025-04-14,Sports,Water Bottle,2875.32,1,0,2875.32,South,Credit Card
2435,2025-08-14,Beauty,Hair Oil,324.73,4,0,1298.92,North,Credit Card
2436,2025-08-17,Beauty,Face Wash,482.96,2,5,917.62,West,UPI
2437,2025-09-22,Fashion,Sneakers,1996.16,2,0,3992.32,South,Net Banking
2438,2025-04-08,Fashion,T-Shirt,2369.53,2,0,4739.06,East,Cash on Delivery
2439,2025-01-04,Electronics,Webcam,1759.5,1,0,1759.5,West,UPI
2440,2025-08-11,Beauty,Sunscreen,871.18,1,20,696.94,East,UPI
2441,2025-01-09,Home,Coffee Mug,1799.53,1,20,1439.62,West,Cash on Delivery
2442,2025-09-23,Home,Cushion Cover,272.59,3,0,817.77,North,Credit Card
2443,2025-08-01,Beauty,Face Wash,195.89,3,15,499.52,East,Debit Card
2444,2025-02-26,Beauty,Lip Balm,280.98,2,10,505.76,South,Debit Card
2445,2025-06-14,Electronics,Power Bank,1214.27,1,0,1214.27,East,Net Banking
2446,2025-01-24,Electronics,Bluetooth Speaker,599.74,1,5,569.75,South,Cash on Delivery
2447,2025-08-03,Sports,Cap,716.79,1,20,573.43,South,UPI
2448,2025-01-01,Electronics,Power Bank,2125.52,1,0,2125.52,West,Credit Card
2449,2025-09-02,Beauty,Hair Oil,246.15,2,5,467.69,Central,UPI
2450,2025-02-12,Sports,Dumbbell Set,596.04,2,10,1072.87,South,Credit Card
2451,2025-06-18,Beauty,Hair Oil,815.19,1,10,733.67,South,Debit Card
2452,2025-08-05,Beauty,Perfume,539.94,2,0,1079.88,South,Debit Card
2453,2025-04-12,Fashion,Wallet,1920.1,3,20,4608.24,West,UPI
2454,2025-01-06,Electronics,Smartwatch,2721.21,3,5,7755.45,West,Debit Card
2455,2025-04-20,Beauty,Hair Oil,290.81,3,5,828.81,West,Cash on Delivery
2456,2025-06-22,Home,Storage Box,903.78,2,20,1446.05,Central,Debit Card
2457,2025-06-25,Fashion,Backpack,1050.16,4,10,3780.58,West,UPI
2458,2025-02-18,Home,Table Lamp,1451.13,1,0,1451.13,Central,Credit Card
2459,2025-08-20,Beauty,Face Wash,240.21,2,5,456.4,East,Debit Card
2460,2025-03-14,Electronics,Webcam,1139.14,3,15,2904.81,Central,Credit Card
2461,2025-09-26,Fashion,T-Shirt,737.09,2,0,1474.18,South,Net Banking
2462,2025-03-23,Sports,Water Bottle,1733.51,2,0,3467.02,South,Debit Card
2463,2025-08-06,Fashion,Wallet,797.77,4,15,2712.42,Central,Net Banking
2464,2025-09-01,Home,Table Lamp,1734.49,4,5,6591.06,Central,Cash on Delivery
2465,2025-02-04,Fashion,Backpack,300.78,1,0,300.78,East,Credit Card
2466,2025-03-23,Beauty,Lip Balm,257.84,3,10,696.17,South,Cash on Delivery
2467,2025-07-25,Beauty,Perfume,295.03,3,0,885.09,East,Credit Card
2468,2025-03-02,Sports,Dumbbell Set,816.04,1,5,775.24,East,UPI
2469,2025-03-05,Sports,Yoga Mat,2372.06,2,5,4506.91,West,Debit Card
2470,2025-01-21,Sports,Resistance Band,672.61,4,0,2690.44,East,Debit Card
2471,2025-04-26,Home,Table Lamp,1203.04,1,5,1142.89,West,Debit Card
2472,2025-08-04,Electronics,Webcam,3859.07,3,0,11577.21,West,Cash on Delivery
2473,2025-08-03,Electronics,Bluetooth Speaker,3448.14,2,10,6206.65,Central,Debit Card
2474,2025-09-11,Home,Cushion Cover,332.95,1,0,332.95,South,Net Banking
2475,2025-07-12,Beauty,Hair Oil,227.97,3,10,615.52,Central,Net Banking
2476,2025-02-18,Beauty,Face Wash,601.25,2,0,1202.5,North,Net Banking
2477,2025-06-27,Fashion,Backpack,1576.27,2,10,2837.29,West,UPI
2478,2025-04-21,Beauty,Sunscreen,580.01,2,5,1102.02,West,UPI
2479,2025-07-03,Electronics,Bluetooth Speaker,845.81,4,15,2875.75,West,Debit Card
2480,2025-08-23,Home,Cushion Cover,1757.73,1,10,1581.96,North,Debit Card
2481,2025-06-28,Home,Coffee Mug,535.01,3,10,1444.53,East,Cash on Delivery
2482,2025-06-06,Fashion,Sunglasses,2184.62,1,0,2184.62,South,Debit Card
2483,2025-05-16,Electronics,Power Bank,1595.24,1,15,1355.95,West,Credit Card
2484,2025-06-15,Beauty,Hair Oil,402.75,1,0,402.75,South,Credit Card
2485,2025-04-02,Fashion,Wallet,983.16,2,0,1966.32,East,Net Banking
2486,2025-03-16,Electronics,Smartwatch,826.77,2,10,1488.19,West,Debit Card
2487,2025-02-12,Sports,Water Bottle,1341.08,4,0,5364.32,East,Net Banking
2488,2025-09-11,Fashion,Sunglasses,2117.49,1,0,2117.49,East,UPI
2489,2025-06-01,Fashion,Sneakers,2225.3,1,0,2225.3,South,UPI
2490,2025-07-31,Electronics,Webcam,2191.46,1,0,2191.46,Central,Credit Card
2491,2025-07-06,Sports,Cap,1348.95,2,15,2293.22,West,Debit Card
2492,2025-07-02,Home,Wall Clock,792.37,4,0,3169.48,East,Net Banking
2493,2025-03-07,Fashion,Backpack,2191.88,5,0,10959.4,Central,Net Banking
2494,2025-04-25,Sports,Resistance Band,1722.24,1,5,1636.13,South,Debit Card
2495,2025-01-12,Sports,Yoga Mat,1515.66,1,5,1439.88,North,Credit Card
2496,2025-02-03,Sports,Yoga Mat,2713.56,1,20,2170.85,North,Debit Card
2497,2025-08-09,Home,Storage Box,603.22,4,10,2171.59,Central,Cash on Delivery
2498,2025-04-30,Fashion,Sunglasses,773.45,1,5,734.78,East,Debit Card
2499,2025-01-28,Sports,Resistance Band,646.64,2,10,1163.95,East,UPI
